Card_ID , txn_date,MCC,country , amount ,Channel, STATUS 
C1113,06/06/2024,4111,FR,90.41,,declined
C1199,19/07/2024,5812,US,$121.29,ATM,DECLINED
C1199,17/05/2024,5541,DE,155.87,MOTO,PENDING
C1086,2025-01-23,5812,TR ,63.76, ,approved
C1013,2024-03-23,5999,GB,$166.68,ECOM,Approved 
C1097,2024-01-16,4111,FR,$236.31,,APPROVED
C1040,09/03/2025,6011,GB,100.63,MOTO,APPROVED
C1144,2024-09-12,5999,AZ,170.34,POS,DECLINED
C1139,2025-04-02,5812,GB,$218.45,ATM,APPROVED
C1054,2024-10-07,5999,AZ,111.56,,approved
C1194,2025-05-18,5999,DE,$217.96,,DECLINED
C1029,18/01/2024,5732,FR,98.69,ATM,declined
C1158,2024-06-08,4111,AZ,$-28.11,,declined
C1189,05/10/2024,5812,TR ,$211.68,ATM,approved
C1122,19/01/2025,5541,IT,$122.15,,DECLINED
C1156,15/05/2024,4111,US,148.06,POS,Approved 
C1073,19/09/2024,6011,GB,$233.27, ,DECLINED
C1008,2025-06-14,5732,IT,-180.19,,declined
C1185,2025-04-11,5812,US,60.9,,PENDING
C1107,2025-01-22,6011,GB,$29.18, ,approved
C1100,02/02/2025,5812,AZ,47.43,POS,DECLINED
C1058,2024-12-21,4111,US,117.69,ECOM,DECLINED
C1169,07/04/2024,5411,DE,119.97,MOTO,PENDING
C1035,27/02/2025,5541,US,$100.14,,declined
C1105,2025-05-16,5812,AZ,$5.37,POS,DECLINED
C1124,2024-11-19,5999,GB,$70.05, ,DECLINED
C1110,06/03/2025,5411,IT,72.32,,approved
C1038,10/02/2024,5999,IT,183.06,MOTO,Approved 
C1164,2024-06-12,5411,AZ,187.6,,APPROVED
C1038,2025-05-24,4111,DE,57.45,,declined
C1017,26/10/2024,5732,AZ,$80.24,POS,PENDING
C1099,2024-09-27,4111,FR,125.44,ECOM,declined
C1071,14/05/2025,4111,IT,$94.98, ,PENDING
C1171,23/04/2025,4111,TR ,$28.51, ,DECLINED
C1057,28/04/2024,6011,FR,116.38, ,approved
C1180,2024-11-29,5541,TR ,133.99,ECOM,approved
C1078,2025-06-19,5999,TR ,-85.44,ATM,declined
C1107,2024-02-01,5541,US,101.07,POS,PENDING
C1011,2025-03-23,5732,IT,35.19,,APPROVED
C1068,2025-04-05,5812,DE,$142.80,ATM,approved
C1130,07/03/2024,5812,FR,133.35,,DECLINED
C1015,2024-01-29,4111,FR,$44.51,,approved
C1050,12/04/2025,4111,TR ,98.89,,declined
C1094,25/04/2025,5812,IT,$173.32,POS,Approved 
C1159,17/08/2024,5411,IT,"$173,822.62", ,approved
C1116,29/11/2024,5541,AZ,208.89, ,approved
nan,2024-10-07,5541,AZ,$190.86,POS,approved
C1145,06/02/2025,5732,FR,105.39,POS,DECLINED
C1118,19/02/2024,4111,DE,88.38,,Approved 
C1002,11/12/2024,5411,TR ,128.01,,Approved 
C1151,11/12/2024,5999,US,182.31,,PENDING
C1186,2025-04-16,5411,TR ,$165.85,,Approved 
C1175,15/02/2024,5411,DE,152.66,,PENDING
C1047,08/11/2024,4111,TR ,$134.00, ,APPROVED
C1140,09/04/2025,5812,AZ,$91.48,ATM,declined
C1182,2025-05-05,4111,DE,187.76,POS,APPROVED
C1051,12/06/2024,5541,IT,13.4,,PENDING
C1095,21/07/2024,4111,FR,90.33,POS,PENDING
C1198,22/02/2024,5541,DE,133.31,,Approved 
C1181,11/04/2025,5411,DE,197.4,ECOM,Approved 
C1160,19/03/2025,6011,FR,$113.15,,DECLINED
C1188,2025-04-19,5812,IT,$56.61,POS,approved
C1136,06/10/2024,6011,AZ,"$195,051.57",MOTO,declined
C1029,16/05/2024,4111,US,$96.54,MOTO,declined
C1012,2024-05-08,5732,FR,186.15,ECOM,APPROVED
C1099,2025-04-06,4111,IT,$134.90,MOTO,PENDING
C1118,2024-01-08,5812,GB,155.71, ,declined
C1008,23/06/2024,5411,TR ,$205.62,,declined
C1146,2025-02-25,5812,FR,-15.26,,approved
C1087,03/04/2025,6011,IT,173.21,MOTO,approved
C1171,2025-02-23,5999,AZ,$70.86,,DECLINED
C1120,2024-10-02,5732,TR ,167.93,POS,declined
C1080,2025-05-02,5732,AZ,$99.88,ATM,APPROVED
C1058,11/07/2024,5999,FR,$141.34,,approved
C1124,28/02/2024,5732,US,208634.39,ECOM,APPROVED
C1097,13/02/2025,5411,DE,90.97,MOTO,approved
C1102,2025-05-12,4111,FR,$24.48,MOTO,DECLINED
C1012,05/11/2024,6011,TR ,$37.95, ,APPROVED
C1059,06/03/2025,6011,FR,125.58,,APPROVED
C1022,01/08/2024,5411,DE,112.05,,PENDING
C1104,2024-01-30,5732,DE,38.15,MOTO,APPROVED
C1120,2025-03-28,5999,AZ,$153.24,ECOM,Approved 
C1010,07/09/2024,5541,US,$92.38,,DECLINED
C1009,28/01/2024,5411,AZ,101.24,,Approved 
C1009,2025-04-04,5812,IT,182.29,,APPROVED
C1193,10/05/2024,4111,TR ,89.24,,Approved 
C1131,2024-12-16,5411,DE,$182.36,,DECLINED
C1167,08/05/2025,5411,DE,59.22,MOTO,PENDING
C1185,06/01/2024,5541,US,$83.96, ,approved
C1013,2025-04-06,5732,GB,$107.56,,Approved 
C1059,2024-04-13,4111,FR,$158.68, ,DECLINED
C1020,2024-07-26,5812,GB,$167.20, ,DECLINED
C1174,17/02/2024,5411,TR ,29.11,POS,approved
C1147,06/06/2025,5411,TR ,214.78,MOTO,PENDING
C1031,17/04/2025,4111,AZ,141.83,MOTO,declined
C1062,11/09/2024,5541,GB,66.51,POS,APPROVED
C1188,26/12/2024,5812,AZ,$193.75,MOTO,PENDING
C1056,19/11/2024,5411,GB,$134.59,ECOM,PENDING
C1090,24/03/2024,5732,FR,132.11,MOTO,Approved 
C1192,29/04/2024,5732,FR,$85.39,ATM,approved
C1153,2025-06-01,5999,FR,$208.68,,DECLINED
C1049,2024-06-20,5999,DE,-28.73,ECOM,APPROVED
C1172,11/02/2024,5732,TR ,$95.80,ECOM,PENDING
C1052,2024-10-31,5732,GB,138.75,POS,PENDING
C1064,21/08/2024,5411,GB,$220.47,ATM,approved
C1124,2025-02-10,5812,IT,$4.24,ATM,approved
C1128,04/01/2024,5999,FR,202.95,MOTO,DECLINED
C1134,2025-04-19,5732,US,131.16,MOTO,Approved 
C1071,19/06/2024,5411,FR,238812.74,POS,DECLINED
C1181,28/05/2025,5812,IT,$64.38, ,PENDING
C1075,2024-10-17,5411,IT,$135.25,,PENDING
C1141,08/05/2024,5999,TR ,91.89,ECOM,DECLINED
C1109,20/11/2024,6011,AZ,105.56, ,DECLINED
C1121,2024-01-23,5411,TR ,89.04,ATM,declined
C1163,2024-03-20,5732,IT,$-9.09,,APPROVED
C1034,20/01/2025,5732,DE,$148.01,,approved
C1115,30/01/2025,4111,TR ,$60.50,ECOM,Approved 
C1179,02/06/2024,5999,IT,$73.10,,approved
C1043,2025-06-08,5812,FR,$110.12,,DECLINED
C1070,2024-01-05,4111,AZ,145.08,,PENDING
C1120,25/05/2025,5411,IT,86.11, ,APPROVED
C1026,2024-11-23,5411,DE,145.61,,APPROVED
C1106,22/11/2024,5732,US,$177.53,ECOM,approved
C1042,2024-10-21,5411,TR ,117.28, ,declined
C1073,2024-10-28,5411,AZ,196.58,,approved
C1047,23/03/2025,5812,DE,-90.02,ECOM,APPROVED
C1146,2025-03-18,5999,TR ,145.27,,PENDING
C1188,31/10/2024,5812,IT,-25.4,ECOM,DECLINED
C1127,14/12/2024,5541,FR,31.88,ECOM,APPROVED
C1006,14/10/2024,5411,GB,225.49,ATM,APPROVED
C1018,18/12/2024,6011,US,78.62,POS,DECLINED
C1128,2024-05-13,5812,TR ,132.32,MOTO,Approved 
C1079,14/07/2024,5411,DE,-50.57,,declined
C1056,2024-06-13,5999,TR ,$-11.80,,DECLINED
C1112,2025-02-28,5732,FR,164.71,ECOM,declined
C1021,2024-07-07,5411,FR,157.59, ,Approved 
C1170,02/02/2025,5732,AZ,$86.82, ,DECLINED
C1000,2025-03-07,5541,DE,$107.38,,declined
C1154,2024-06-24,4111,US,215.15,,DECLINED
C1040,2024-05-13,5541,GB,214.28,POS,DECLINED
C1071,27/03/2025,5541,GB,73.29, ,Approved 
C1030,2025-06-19,5732,AZ,$65.80,ECOM,declined
C1181,27/09/2024,5999,GB,$177.73,,DECLINED
C1059,2024-01-23,5411,FR,134.5,,PENDING
C1048,2025-01-23,5999,TR ,$147.04,ECOM,approved
C1110,10/12/2024,5411,FR,158.34,,Approved 
C1054,2025-06-20,5999,FR,189.24,ATM,PENDING
C1019,17/03/2024,5541,IT,84.58, ,Approved 
C1053,2024-07-27,5411,IT,79.16,,declined
C1096,2025-04-12,5999,GB,77.91,,APPROVED
C1052,2025-06-17,4111,GB,$184.05, ,approved
C1092,21/02/2024,4111,GB,3.97,,DECLINED
C1006,2025-05-17,5541,GB,-14.99,POS,PENDING
C1088,2024-11-25,4111,IT,$179.26, ,PENDING
C1068,2024-04-26,5812,AZ,$97.86, ,approved
C1090,16/09/2024,5999,AZ,$20.46,MOTO,approved
C1187,28/03/2025,5732,GB,$80.91,ECOM,declined
C1005,2025-02-06,5541,US,$81.43,MOTO,APPROVED
C1087,2024-08-10,5812,DE,$90.77,,approved
C1036,2024-04-26,4111,IT,$94.12,MOTO,APPROVED
C1193,2025-02-20,5999,IT,$235.33,ECOM,PENDING
C1080,28/05/2024,6011,GB,-28.2,ATM,DECLINED
C1166,2024-05-21,6011,US,176.9,ECOM,approved
C1020,23/10/2024,5411,AZ,161.88, ,APPROVED
C1081,22/04/2025,6011,IT,$163.95,ECOM,APPROVED
C1139,2025-05-03,4111,FR,-87.27, ,approved
C1107,2025-05-01,5999,DE,$214.72,POS,declined
C1112,2024-07-05,5812,IT,128.31,,PENDING
C1020,24/09/2024,5541,DE,213.1,,DECLINED
C1197,20/03/2024,5411,AZ,94.93,MOTO,APPROVED
C1155,2024-10-05,5411,AZ,$163.14,POS,approved
C1071,02/01/2024,6011,DE,121.0,MOTO,PENDING
C1048,2025-04-25,5812,FR,49.9,ECOM,PENDING
C1192,25/07/2024,4111,AZ,73.79,POS,APPROVED
C1023,2025-04-18,5812,AZ,63.47, ,DECLINED
C1168,26/05/2025,6011,DE,144.02,ECOM,PENDING
C1001,14/04/2024,5812,TR ,$66.81, ,approved
C1073,2025-02-22,5411,IT,254.39,MOTO,declined
C1059,2024-06-27,6011,FR,189.13,POS,APPROVED
C1187,12/08/2024,5812,TR ,50.87,,approved
C1024,03/06/2025,6011,IT,87.12,,PENDING
C1158,2024-10-16,5999,AZ,88.75,MOTO,approved
C1092,2025-03-23,5812,US,-174.01, ,APPROVED
C1078,10/06/2025,5999,FR,113.55,ATM,approved
C1025,12/06/2025,5999,FR,74.73,ATM,approved
C1081,11/05/2025,4111,AZ,40.13,POS,declined
C1172,2025-01-19,5732,IT,129.7,,approved
C1197,17/01/2025,5541,GB,123.3, ,PENDING
C1060,30/04/2024,5812,GB,-133.66,ECOM,Approved 
C1174,2024-03-28,5732,DE,125.82,ECOM,PENDING
C1036,2024-06-22,5999,FR,137.85,,approved
C1156,06/08/2024,5812,IT,112.16,,Approved 
C1020,03/12/2024,4111,GB,104.14,ECOM,declined
C1183,02/03/2024,4111,DE,$156.04,ATM,approved
C1035,28/03/2024,5999,AZ,119.36,,declined
C1118,23/04/2024,5999,IT,128.84,ECOM,DECLINED
C1126,24/08/2024,5999,IT,216.58,,approved
C1188,2024-11-21,4111,DE,139.6,ATM,DECLINED
C1060,26/05/2025,4111,US,$94.90, ,Approved 
C1015,20/08/2024,5541,US,$170.63,MOTO,Approved 
C1008,2024-11-22,5411,US,187.82,,PENDING
C1160,2025-04-23,5812,GB,162.3, ,approved
C1177,2024-01-06,6011,GB,$133.80,,PENDING
C1053,08/04/2025,6011,GB,$273.23, ,approved
C1163,14/01/2024,5732,US,149.46, ,declined
C1028,2024-10-01,4111,US,$103.25,,approved
C1188,27/02/2024,5411,GB,148.59,ECOM,PENDING
C1016,04/06/2025,6011,US,$176.49,,Approved 
C1163,24/06/2024,5812,FR,99.2,,DECLINED
C1002,08/04/2025,5999,GB,$89.87,MOTO,DECLINED
C1130,11/08/2024,5541,US,140.34,ECOM,Approved 
C1170,29/04/2024,6011,US,89.71,POS,declined
C1169,2024-08-24,4111,DE,$56.88, ,approved
C1069,19/04/2024,4111,IT,$65.73, ,APPROVED
C1175,13/03/2025,5999,DE,$180.39,ECOM,Approved 
C1120,2024-06-01,5999,GB,107.47,ATM,Approved 
C1190,2024-08-17,4111,FR,177.89, ,APPROVED
C1082,2024-06-24,5411,TR ,113.16,POS,approved
C1017,2024-05-25,6011,IT,$83.60,MOTO,Approved 
C1073,2024-02-01,5411,IT,$146.32,MOTO,Approved 
C1069,2024-09-09,5999,GB,107.73,,declined
C1039,10/07/2024,5411,US,$64.04,ATM,approved
C1114,09/11/2024,4111,DE,$90.61,ECOM,Approved 
C1082,31/08/2024,6011,TR ,$22.83,,Approved 
C1009,15/08/2024,5812,FR,$106.73,ATM,Approved 
C1044,2025-02-01,5999,IT,$87.97,POS,APPROVED
C1086,2024-11-18,5999,FR,$65.42,,Approved 
C1159,2024-05-12,5411,FR,90.4,,APPROVED
C1180,2024-09-04,5411,FR,141.51,,DECLINED
C1096,23/07/2024,5999,TR ,$163.91,MOTO,APPROVED
C1189,03/11/2024,5411,GB,66.34,,declined
C1085,2024-08-03,5411,DE,102.29,POS,PENDING
C1099,2025-05-18,4111,TR ,128.02,,DECLINED
C1092,12/02/2025,5732,FR,183.74, ,approved
C1111,2024-02-15,5732,FR,$125.83,POS,approved
C1067,19/08/2024,5411,FR,40.87,,approved
C1153,24/03/2024,4111,FR,199.99,,APPROVED
C1174,2024-01-20,6011,GB,$94.88,MOTO,declined
C1102,2025-03-26,5732,FR,150.89,,DECLINED
C1040,2024-06-22,5411,AZ,$57.34,,Approved 
C1087,2025-02-19,6011,GB,95.18,,PENDING
C1110,2025-05-05,5411,FR,76.18,MOTO,PENDING
C1013,2024-06-16,6011,US,166.97,ECOM,APPROVED
C1077,2024-12-22,5411,DE,235662.49, ,approved
C1113,2025-05-15,5732,DE,152.29,,PENDING
C1141,2025-03-27,5732,AZ,-24.32,ATM,DECLINED
C1103,24/01/2025,5411,FR,162.86,MOTO,Approved 
C1100,28/03/2024,6011,GB,145.93, ,declined
C1142,2024-10-12,5812,US,$72.86,,declined
C1039,2024-03-22,5541,FR,$158.44,ATM,APPROVED
C1189,15/11/2024,4111,IT,41.67,ATM,approved
C1142,25/05/2024,5812,US,107.21,ECOM,declined
C1178,09/04/2024,6011,TR ,$61.60,,APPROVED
C1150,23/05/2024,5999,AZ,$106.13,ECOM,PENDING
C1193,19/06/2025,6011,DE,112.88,ECOM,Approved 
C1006,05/04/2025,5541,TR ,137.84,,approved
C1021,28/06/2024,4111,IT,$-146.44,ECOM,DECLINED
C1151,12/06/2024,5812,IT,66.92,,Approved 
C1078,23/11/2024,4111,FR,124.36,MOTO,APPROVED
C1164,2024-06-18,5999,TR ,113.64,MOTO,declined
C1013,2025-03-24,5999,FR,53.58,,APPROVED
C1082,24/04/2024,5541,AZ,54.38, ,Approved 
C1141,19/08/2024,4111,GB,213.58,MOTO,declined
C1031,22/06/2024,5541,TR ,204.53,MOTO,APPROVED
C1080,2025-02-15,5411,AZ,$2.11, ,declined
C1040,17/01/2024,5812,GB,99.51,ATM,approved
C1046,2025-06-07,5812,FR,236.51,ATM,approved
C1031,26/04/2024,5999,AZ,$86.21,,DECLINED
C1021,2024-06-08,4111,DE,72.36,ATM,Approved 
C1140,04/02/2025,6011,AZ,161.83,MOTO,APPROVED
C1087,2024-09-17,5732,AZ,33.93,MOTO,approved
C1002,2025-02-01,5999,AZ,$147.95,POS,Approved 
C1099,28/05/2024,4111,GB,$178.68,,PENDING
C1165,2024-02-10,6011,IT,56.73,ECOM,APPROVED
C1159,2024-07-12,5999,DE,162.41,POS,PENDING
C1070,2025-05-11,5732,US,$96.81,ECOM,approved
C1114,2024-11-25,5812,DE,$141.41,,PENDING
C1184,2024-08-17,5541,GB,-35.97,ATM,DECLINED
C1042,27/05/2024,4111,US,100.98,ATM,Approved 
C1158,2024-06-01,5999,US,-205.0, ,declined
C1119,19/06/2025,6011,AZ,82.24,,Approved 
C1157,2024-09-09,4111,TR ,254.42,ECOM,DECLINED
C1144,07/04/2024,5999,TR ,147.54,ECOM,DECLINED
C1076,2024-05-06,5999,US,62.14, ,APPROVED
C1198,08/04/2024,6011,GB,188.56,,PENDING
C1094,13/03/2024,4111,FR,$162.63,POS,PENDING
nan,24/01/2024,5411,GB,181.56,ATM,PENDING
C1083,2025-04-11,5411,US,$86.30,ECOM,PENDING
C1023,10/08/2024,4111,AZ,97.56, ,DECLINED
C1044,25/10/2024,5541,FR,$86.54,POS,approved
C1012,17/12/2024,5732,FR,79.69, ,declined
C1042,2024-10-18,5541,AZ,94.86,,approved
C1057,11/03/2025,5541,IT,$43.24,ATM,Approved 
C1109,14/07/2024,4111,IT,$213.45,,Approved 
C1186,2024-12-28,5541,TR ,$200.21,,DECLINED
C1184,02/03/2025,5812,FR,40.07,MOTO,DECLINED
C1146,2025-06-03,5999,AZ,295.67,POS,Approved 
C1112,06/05/2024,4111,FR,147.13,MOTO,approved
C1183,29/01/2025,5541,FR,137.26,MOTO,DECLINED
C1109,2024-08-21,6011,FR,176.92,POS,DECLINED
C1196,06/03/2025,5732,DE,165.74,ECOM,PENDING
C1061,30/01/2025,5812,DE,150.56,POS,declined
C1058,2024-09-20,5732,US,$207.61, ,DECLINED
C1135,16/01/2024,5541,IT,170.4,MOTO,PENDING
C1034,16/09/2024,5411,FR,$196.16,ECOM,PENDING
C1052,2024-10-10,5812,TR ,115.68,MOTO,DECLINED
C1070,2024-03-10,5541,FR,$167.35,,APPROVED
C1032,2025-06-08,5541,DE,45.39,MOTO,APPROVED
C1062,2024-12-25,5541,AZ,172.42,ATM,Approved 
C1121,08/04/2024,5999,DE,72.3,POS,DECLINED
C1053,2024-02-07,5812,DE,38.79, ,APPROVED
C1163,2025-05-06,5812,IT,-164.66,,DECLINED
C1087,2024-10-25,5812,DE,205.19,ATM,APPROVED
C1080,2024-10-21,5999,US,$45.28,ATM,PENDING
C1031,21/11/2024,5732,DE,164.02, ,DECLINED
C1194,04/04/2025,4111,DE,157.69, ,DECLINED
C1056,09/01/2024,5411,FR,$216.04,POS,Approved 
C1172,08/03/2024,5411,GB,$87.28,POS,DECLINED
C1162,2025-05-01,5411,GB,$142.85,POS,PENDING
C1136,2025-05-22,6011,IT,111.16,POS,declined
C1077,16/08/2024,6011,FR,145.09, ,approved
C1149,10/05/2024,5812,GB,$43.62,,Approved 
C1051,20/03/2025,4111,FR,64.41,,APPROVED
C1112,20/04/2024,5812,AZ,72.76,ATM,Approved 
C1069,2024-09-01,5999,US,$52.29,ECOM,Approved 
C1107,23/05/2025,6011,DE,149893.9,ECOM,PENDING
C1129,2025-04-24,5812,GB,107.39,ATM,declined
C1074,03/02/2024,5411,GB,$158.38,ATM,declined
C1075,2025-03-03,5541,IT,154.71, ,declined
C1057,21/02/2024,4111,US,114.11,POS,DECLINED
C1025,2025-03-17,4111,TR ,$182.98,ECOM,Approved 
C1040,01/09/2024,5999,FR,$124.57,POS,PENDING
C1062,2025-05-05,5812,AZ,$175.45,ECOM,DECLINED
C1058,2025-04-28,5541,FR,$177.79,,declined
C1150,27/12/2024,5541,DE,-16.24,ECOM,Approved 
C1181,2024-08-10,4111,US,$208.69,ATM,PENDING
C1051,2024-05-15,4111,GB,154.15,,PENDING
C1054,2024-06-29,5732,DE,$-23.73, ,APPROVED
C1095,25/07/2024,5732,IT,39.86,POS,PENDING
C1049,2024-09-21,5999,FR,120.12,ECOM,PENDING
C1088,2025-01-07,6011,FR,$75.08,ATM,DECLINED
C1132,2024-02-01,5541,AZ,158.45,,declined
C1117,2025-01-28,5541,TR ,$82.53,MOTO,approved
C1084,10/06/2024,4111,TR ,155.7,,declined
C1103,2025-03-28,5732,FR,$185.12,,Approved 
C1101,2025-03-26,5812,GB,63.48,,APPROVED
C1113,12/02/2025,5541,IT,$176.20,POS,approved
C1171,2025-05-29,5999,DE,210.67,POS,Approved 
C1123,2025-03-23,5999,TR ,$141.80,MOTO,Approved 
C1065,11/04/2024,5812,GB,60.46,POS,APPROVED
C1191,2025-03-05,5541,IT,140.88,,DECLINED
C1199,20/06/2024,5999,TR ,$122.65,,DECLINED
C1181,2025-06-04,5999,IT,$104.86,,DECLINED
C1023,17/07/2024,6011,FR,131.29,ECOM,Approved 
C1178,2024-04-26,5541,US,141.28,ECOM,Approved 
C1093,19/01/2025,5812,DE,$20.42,ATM,PENDING
C1084,22/06/2025,5999,TR ,76.53,,declined
nan,2024-02-21,5541,IT,$101.81,POS,DECLINED
C1082,2024-08-12,6011,FR,68.67, ,declined
C1120,15/11/2024,5541,GB,62.51,,DECLINED
C1115,2025-04-22,4111,DE,$174.33,POS,approved
C1178,2025-06-19,5411,TR ,68.82, ,declined
C1184,2025-03-02,5999,TR ,$146.89,ATM,DECLINED
C1025,18/04/2024,5411,TR ,$-107.20,,Approved 
C1144,27/11/2024,4111,AZ,139.31,ECOM,approved
C1161,2025-01-14,5812,TR ,$86.18,POS,declined
C1054,2024-04-30,4111,IT,$125.10, ,declined
C1163,09/10/2024,5732,IT,214.57,POS,declined
C1069,2024-02-22,5411,FR,174.67,,approved
C1153,2024-12-28,5411,IT,80.5,ECOM,APPROVED
C1041,22/07/2024,5999,AZ,67.98,,approved
C1162,27/03/2024,5732,FR,134.26,POS,APPROVED
C1079,29/12/2024,5541,TR ,$81.16,MOTO,DECLINED
C1167,08/11/2024,5411,AZ,216.58,POS,APPROVED
C1014,2025-02-23,5411,FR,244.6,,APPROVED
C1060,15/01/2024,6011,GB,$121.26, ,PENDING
C1171,25/12/2024,6011,DE,$144.13,ATM,APPROVED
C1118,2024-04-11,5999,IT,$145.15,,approved
C1194,27/04/2025,5541,AZ,$159.07,ECOM,DECLINED
C1118,29/03/2025,5812,AZ,247.09,ECOM,declined
C1062,2025-02-20,4111,GB,$78.22,POS,DECLINED
C1150,26/03/2024,6011,AZ,41.89,MOTO,APPROVED
C1192,15/06/2024,6011,FR,206.93,ECOM,DECLINED
C1198,2024-11-05,5732,FR,88.15,ATM,declined
C1077,21/03/2025,5999,FR,$299.14,POS,Approved 
C1154,2024-04-23,4111,DE,84936.26,MOTO,declined
C1064,29/05/2024,5812,TR ,$54.31,,APPROVED
C1038,27/07/2024,5999,AZ,$132.27,ATM,APPROVED
C1193,25/02/2025,5411,US,193.74,MOTO,DECLINED
C1055,19/05/2025,5999,TR ,54.5,ECOM,approved
C1134,2024-01-20,5411,DE,$243.24,,PENDING
C1168,2024-10-06,5541,AZ,126.32,,APPROVED
C1194,20/11/2024,5411,TR ,-16.72,,approved
C1167,22/11/2024,6011,DE,$72.96,,DECLINED
C1157,2025-01-10,5411,TR ,96.54,,APPROVED
C1099,2024-12-08,5541,DE,$175.09,MOTO,approved
C1056,2024-08-22,5812,FR,179.3,ATM,Approved 
C1185,05/02/2024,5732,US,247.9,ECOM,APPROVED
C1176,2024-02-05,4111,FR,$60.79,ATM,approved
C1164,16/10/2024,5541,TR ,95.61,,declined
C1101,2024-07-16,6011,TR ,99.93, ,APPROVED
C1159,18/06/2024,5999,DE,78.37,ATM,DECLINED
C1047,2024-04-21,6011,AZ,$133.98,POS,declined
C1147,01/05/2025,5541,FR,$64.90, ,PENDING
C1014,2024-11-30,5541,IT,72.26,ECOM,declined
C1161,11/01/2025,5812,GB,170.57,,declined
C1051,2024-09-21,5999,AZ,132.91,MOTO,Approved 
C1083,27/01/2025,5411,US,$92.66,ECOM,DECLINED
C1183,2025-05-12,5999,AZ,167.05,MOTO,approved
C1118,23/04/2025,5732,IT,221.39,,Approved 
C1064,2024-02-21,5999,FR,75.75,ATM,PENDING
C1087,27/03/2024,5812,GB,106.01, ,PENDING
C1132,2025-03-14,5411,TR ,225.02,,approved
C1127,22/06/2025,6011,US,141.69,MOTO,PENDING
C1049,2024-12-26,4111,GB,$93.07,MOTO,APPROVED
C1006,18/04/2024,5411,IT,$98.26,POS,approved
C1013,23/09/2024,5541,TR ,$127.44,,PENDING
C1007,28/01/2024,5732,IT,133.95,MOTO,APPROVED
C1079,21/08/2024,5732,GB,$80.64, ,DECLINED
C1178,12/09/2024,5732,GB,11.72,ATM,PENDING
C1084,2025-02-14,5411,IT,192.79, ,approved
C1061,2024-11-21,5999,GB,71.21, ,APPROVED
C1013,07/03/2024,5541,DE,122.87,,approved
C1095,2024-03-19,5541,FR,$101.68,POS,approved
C1044,2024-05-16,5411,US,$86.99,MOTO,declined
C1036,2024-02-15,6011,US,$190.98,,PENDING
C1083,12/08/2024,5411,FR,94.78,ATM,approved
C1198,2025-02-06,5411,AZ,$91.34,,DECLINED
C1105,2024-12-11,5812,TR ,161.86,,Approved 
C1188,07/06/2025,4111,AZ,129.35,,PENDING
C1147,19/01/2024,5812,IT,121.39,ECOM,declined
C1094,2025-06-17,5411,IT,86.94,POS,DECLINED
C1144,2024-02-11,5732,GB,$208.64,ECOM,approved
C1143,2025-06-13,5999,DE,$74.88,MOTO,PENDING
C1028,2024-09-27,5812,IT,$42.65,,declined
C1011,2024-01-09,5812,US,118.74,MOTO,declined
C1099,11/11/2024,5541,GB,$70.30,MOTO,Approved 
C1068,2024-12-11,5732,AZ,139.86,,PENDING
C1032,23/12/2024,5541,TR ,51.44,,approved
C1192,07/08/2024,5999,AZ,91.2,POS,APPROVED
C1169,2024-11-02,5812,TR ,"$83,978.58",,approved
C1180,09/05/2024,5411,FR,$144.27,,PENDING
C1130,2024-05-13,4111,DE,$173.58,ECOM,APPROVED
C1128,2024-07-30,5732,AZ,33.75, ,Approved 
C1193,13/05/2025,5812,AZ,$164.38,MOTO,PENDING
C1093,2024-07-28,5812,FR,123.16,,DECLINED
C1149,05/04/2025,5812,TR ,$52.73,ATM,approved
C1055,2024-03-03,5411,TR ,$-65.40,POS,approved
C1120,06/01/2025,5541,FR,$-229.60,ATM,approved
C1105,2024-11-21,5411,AZ,17.71,MOTO,approved
C1036,13/01/2024,5732,FR,106.36,,declined
C1181,2024-12-12,5541,GB,$147.86,ECOM,PENDING
C1129,07/01/2024,4111,FR,140.8, ,declined
C1105,2024-10-10,6011,TR ,120.69,POS,Approved 
C1065,23/04/2025,5999,FR,158.68,,approved
C1165,2024-08-29,5812,US,110.83,,approved
C1057,26/05/2024,5541,TR ,157.91,ECOM,Approved 
C1085,2024-06-15,5812,FR,$128.58,MOTO,PENDING
C1082,03/01/2024,6011,FR,157.16,POS,DECLINED
C1128,2024-04-07,5732,FR,$126.01, ,Approved 
C1086,2024-05-27,6011,FR,191.47, ,declined
C1145,2024-10-15,5411,TR ,177.33,ATM,APPROVED
C1171,26/07/2024,4111,FR,$19.44,MOTO,Approved 
C1107,2025-01-20,5999,FR,$178.76,ATM,APPROVED
C1172,2024-09-07,6011,DE,$195.40,,PENDING
C1187,11/07/2024,5411,TR ,92.46,,PENDING
C1117,2024-07-05,5812,US,200.58,,PENDING
C1106,04/06/2024,5411,DE,179.64,MOTO,Approved 
C1120,2024-06-11,4111,US,199.28,ATM,PENDING
C1143,2024-08-07,5999,GB,-246.82,,declined
C1187,2024-07-29,4111,IT,91.31,,Approved 
C1089,03/06/2024,5999,FR,173.78,MOTO,APPROVED
C1057,2024-04-19,4111,DE,102.44, ,PENDING
C1132,2024-07-27,5812,TR ,107.09,,DECLINED
C1073,03/01/2024,5541,GB,$139.24,,APPROVED
C1155,2024-10-15,6011,TR ,176.59,MOTO,approved
C1101,2024-08-18,6011,IT,$169.23, ,declined
C1102,2024-10-12,5812,DE,149.62,POS,DECLINED
C1071,21/06/2025,5541,GB,82.45,ECOM,declined
C1007,06/12/2024,4111,US,33.48,ECOM,approved
C1034,16/09/2024,5812,US,212.07,POS,approved
C1092,2025-05-22,5999,DE,127.64,MOTO,PENDING
C1138,14/01/2024,5999,GB,107.72,MOTO,declined
C1124,19/10/2024,5999,GB,115.13, ,DECLINED
C1028,06/01/2024,5411,TR ,87.93,POS,approved
C1112,2024-10-17,5999,TR ,44.65,MOTO,DECLINED
C1182,2025-04-27,5541,FR,96.34,MOTO,DECLINED
C1122,2025-05-09,5411,IT,$247.71,ECOM,APPROVED
C1167,2024-11-04,5541,TR ,155.32,POS,approved
C1199,10/04/2025,5812,FR,189.69,,APPROVED
C1006,31/01/2025,6011,TR ,"$121,717.98",,DECLINED
C1138,13/05/2024,5411,GB,"$-232,572.20",ECOM,approved
C1048,2025-04-18,5812,IT,115.38,ECOM,declined
C1168,2024-11-05,6011,IT,103.72,MOTO,APPROVED
C1134,2024-03-26,5999,TR ,161.42,ATM,APPROVED
C1045,2024-02-07,5812,IT,77.06,,declined
C1037,01/02/2025,5541,TR ,123.65,,DECLINED
C1101,12/01/2025,4111,US,140.06,,approved
C1042,20/04/2024,4111,TR ,49.89,,APPROVED
C1089,2025-04-11,5999,GB,74.16,POS,Approved 
C1147,2024-05-22,5411,US,41.19,,DECLINED
C1066,2025-03-04,4111,TR ,118.49,,approved
C1191,2024-11-08,5732,AZ,38.13,ATM,DECLINED
C1049,2024-02-19,5541,AZ,$-30.97,ATM,PENDING
C1141,26/06/2024,5541,US,110.19,,Approved 
C1091,25/09/2024,5812,IT,-114.05,MOTO,PENDING
C1132,2025-02-14,4111,TR ,139.72, ,Approved 
C1083,11/03/2024,5812,FR,$162.39,,DECLINED
C1194,2025-06-13,4111,GB,78.36,POS,PENDING
C1006,2024-10-26,4111,IT,124.95,MOTO,APPROVED
C1166,2024-08-23,5999,GB,$214.39,ATM,approved
C1040,2024-07-23,6011,DE,$132.17, ,declined
C1087,2024-12-18,5999,US,170.12,,DECLINED
C1145,31/12/2024,4111,FR,$120.38, ,approved
C1113,05/02/2025,5732,IT,188.58,,Approved 
C1102,29/03/2024,5541,TR ,160.6, ,DECLINED
C1194,13/07/2024,5541,IT,$169.87,,PENDING
C1070,30/01/2025,4111,DE,172.19,ATM,DECLINED
C1021,2024-03-27,4111,GB,168.23,ECOM,Approved 
C1151,20/10/2024,6011,GB,119.91, ,PENDING
C1075,2025-01-12,5732,GB,$45.86, ,DECLINED
C1193,2024-12-03,5812,FR,$206.23,,APPROVED
C1027,2024-12-02,5999,AZ,$272.31, ,DECLINED
C1052,07/07/2024,6011,AZ,82.82, ,APPROVED
C1147,2024-04-14,5732,US,$119.65, ,Approved 
C1043,2024-09-10,5999,US,$89.04,,DECLINED
C1013,2025-01-26,5999,AZ,181.12,POS,DECLINED
C1045,2024-08-17,5999,US,$66.84,POS,declined
C1049,2024-01-13,5541,US,67.65,,Approved 
C1145,20/01/2024,4111,GB,$153.98,POS,PENDING
C1169,12/06/2025,5812,TR ,156.86,POS,declined
C1195,2024-04-26,5999,GB,125.25,,APPROVED
C1138,13/05/2025,5732,AZ,-169.24,MOTO,declined
C1163,2024-04-18,5732,GB,79.9,,declined
C1156,01/07/2024,5732,FR,85.27,ATM,PENDING
C1018,2024-01-01,5732,DE,59.25, ,PENDING
C1001,2024-06-01,5411,IT,210.29,POS,Approved 
C1040,14/12/2024,5999,AZ,$64.67,,APPROVED
C1025,2025-01-20,6011,AZ,$147.72, ,approved
C1186,06/06/2024,5999,IT,$82.03,,APPROVED
C1108,2024-03-12,5999,DE,$33.03,MOTO,Approved 
C1178,2025-05-05,5812,AZ,68.06,ATM,declined
C1129,2024-06-22,5541,GB,188.4,POS,PENDING
C1075,05/05/2025,5812,GB,153.64,,DECLINED
C1168,08/03/2025,5541,DE,82.71,,DECLINED
C1075,23/04/2025,5411,AZ,$99.18,POS,PENDING
C1078,08/01/2024,5411,US,$134.98,,approved
C1020,23/01/2025,5999,DE,147.49,,DECLINED
C1050,15/09/2024,5999,DE,$18.24, ,DECLINED
C1021,03/07/2024,5541,DE,255.69,,Approved 
C1181,2024-01-18,5541,TR ,146.2,MOTO,PENDING
C1173,06/02/2025,5999,DE,134.65, ,PENDING
C1024,2025-01-14,4111,GB,$143.03,ATM,APPROVED
C1068,2024-04-06,6011,AZ,103.32,POS,PENDING
C1041,05/11/2024,5812,TR ,60.73,ATM,APPROVED
C1084,22/07/2024,5999,DE,$39.89,ECOM,PENDING
C1047,20/06/2025,5999,AZ,52.36,MOTO,DECLINED
C1045,02/12/2024,5732,AZ,205.62,POS,Approved 
C1178,02/06/2024,6011,AZ,$191.34,ATM,Approved 
C1152,09/11/2024,5541,AZ,$57.78,ATM,PENDING
C1181,17/05/2025,5541,GB,79.62,,declined
C1010,27/03/2025,5812,TR ,48.92,,APPROVED
C1088,2024-03-30,5999,IT,181.98,POS,approved
C1146,2024-05-12,5812,GB,217.59,,APPROVED
C1025,13/03/2025,5999,US,$176.48,POS,Approved 
C1083,07/03/2025,5411,TR ,192.41,MOTO,Approved 
C1024,2024-12-20,5732,FR,$139.51, ,declined
C1006,18/01/2024,4111,FR,$77.20,,PENDING
C1187,23/05/2024,4111,US,88.46,ATM,DECLINED
C1194,28/12/2024,4111,US,36.78,POS,Approved 
C1006,15/02/2024,4111,TR ,72.08,ATM,PENDING
C1156,13/02/2024,4111,AZ,57.6,ECOM,declined
C1125,14/08/2024,5999,US,97.14, ,declined
C1182,17/03/2024,4111,GB,30.48,,approved
C1141,2024-02-26,4111,FR,$225.65,ATM,declined
C1196,08/08/2024,6011,FR,$205.59,,approved
C1015,2024-04-11,4111,TR ,89.5,,APPROVED
C1153,04/06/2025,5999,US,120.56,ECOM,approved
C1194,2025-02-14,5732,US,44.67, ,declined
C1034,05/06/2025,6011,AZ,149.0,,APPROVED
C1168,21/03/2024,5732,GB,153.46,ATM,approved
C1165,2024-04-27,5541,DE,$189.07,ECOM,APPROVED
C1010,25/06/2024,5541,GB,141.05,ECOM,APPROVED
C1145,25/05/2025,5812,DE,154.91,,declined
C1113,13/02/2024,5732,FR,$74.87, ,declined
C1010,2024-11-29,5732,DE,81.47,,approved
C1106,10/01/2024,4111,DE,128.84,ATM,approved
C1036,2025-01-27,5999,AZ,$184.73,ECOM,declined
C1158,31/01/2025,5732,AZ,$89.82,,Approved 
C1016,25/01/2025,5732,GB,$125.16,ATM,declined
C1042,2024-05-08,5812,IT,207.52, ,declined
C1054,24/10/2024,5411,FR,$207.53,ATM,PENDING
C1011,15/04/2024,6011,AZ,$119.59,POS,approved
C1120,2024-09-06,5812,IT,204.25,,PENDING
nan,07/02/2024,6011,FR,142.25,,DECLINED
C1129,2024-08-19,5541,FR,$169.64,MOTO,approved
C1065,2024-03-16,5541,FR,209.6,MOTO,DECLINED
C1030,28/03/2024,6011,IT,$113.60,,approved
C1186,04/12/2024,5732,GB,120.23,,declined
C1178,20/07/2024,4111,GB,$237.01,ATM,PENDING
C1151,2024-11-24,4111,US,-114.2,,declined
C1139,2024-02-13,5999,IT,113.99,,approved
C1161,29/03/2025,6011,US,88.98,MOTO,declined
C1025,23/03/2024,5732,TR ,124.01, ,DECLINED
C1106,2024-03-11,5411,US,$20.12,ECOM,Approved 
C1123,2024-05-31,6011,IT,97.17,POS,declined
C1099,2024-07-23,5999,TR ,142.55,MOTO,approved
C1158,12/03/2024,5999,GB,138.51,ECOM,PENDING
C1085,2024-10-06,5999,TR ,125.74,,DECLINED
C1091,2025-01-27,4111,DE,51.12,MOTO,declined
C1098,18/09/2024,5411,DE,$141.66,ECOM,approved
C1090,2024-12-15,5999,TR ,75.42,ATM,DECLINED
C1080,28/07/2024,4111,GB,-169.75,ATM,APPROVED
C1113,2024-10-04,5411,DE,29.58,ECOM,approved
C1036,27/02/2024,5812,GB,178.86,POS,PENDING
C1133,24/05/2024,5999,US,95.76,ATM,approved
C1008,2024-04-26,5812,GB,$198.17,ATM,DECLINED
C1033,08/06/2025,6011,AZ,83.42,MOTO,PENDING
C1196,2024-05-29,5411,TR ,141.02,ECOM,DECLINED
C1143,2024-02-21,5812,DE,$162.57,MOTO,Approved 
C1027,2024-05-24,5411,FR,85.23,ECOM,Approved 
C1191,13/06/2025,5732,FR,170.36,ATM,Approved 
C1070,13/06/2025,5999,AZ,$99.94,ATM,Approved 
C1061,2025-05-23,6011,DE,50.89,ECOM,PENDING
C1101,28/10/2024,5541,TR ,$211.85,ECOM,PENDING
C1030,2024-12-10,5999,DE,$80.65,,DECLINED
C1022,31/08/2024,5541,GB,$172.73,,PENDING
C1173,12/01/2024,5541,IT,179.7,ECOM,PENDING
C1098,2024-09-15,5999,GB,$51.13,,approved
C1122,10/06/2025,5541,IT,151.86,MOTO,DECLINED
C1058,11/05/2024,5732,US,191.05, ,DECLINED
C1123,05/04/2025,5541,DE,$41.41,ECOM,PENDING
C1063,07/01/2025,5541,FR,125.34,,Approved 
C1048,21/02/2024,5812,TR ,$120.40,,approved
C1139,2025-04-28,5732,US,216.66,MOTO,approved
C1095,2025-05-02,5732,FR,56.41,ATM,declined
C1180,18/05/2025,6011,US,$-91.22, ,DECLINED
C1000,08/09/2024,5812,GB,31.06,,Approved 
C1172,15/09/2024,6011,GB,$116.24,,Approved 
C1130,2024-11-28,5732,TR ,160.84, ,DECLINED
C1111,2024-01-09,6011,AZ,111402.8,,approved
C1008,11/08/2024,5812,GB,76.37,POS,declined
C1127,2024-07-08,6011,IT,149.23,ATM,Approved 
C1120,01/11/2024,5541,DE,106.79,POS,declined
C1021,2024-09-16,6011,GB,144.67, ,PENDING
C1068,2025-01-25,5411,DE,106.68,,approved
C1090,2025-03-09,5541,FR,$160.71, ,DECLINED
C1031,2024-03-12,5812,AZ,106.34,ATM,APPROVED
C1015,2024-02-23,5812,TR ,$144.30,POS,APPROVED
C1130,2024-08-05,6011,AZ,$116.70,ECOM,DECLINED
C1162,26/01/2025,5732,FR,95.13,POS,PENDING
C1080,19/02/2025,5732,DE,134.84,,PENDING
C1132,14/10/2024,6011,GB,178.58,,Approved 
C1188,02/05/2025,6011,US,33.07,POS,approved
C1117,2024-11-11,6011,US,$64.10,MOTO,APPROVED
C1100,16/06/2024,5541,US,-77.75,ATM,Approved 
C1067,18/05/2025,6011,FR,$134.29,POS,Approved 
C1009,19/04/2025,5541,TR ,$153.31,POS,declined
C1065,2024-02-13,5999,FR,$98.29,POS,approved
C1015,2024-06-02,4111,GB,$142.82,,APPROVED
C1169,05/04/2024,4111,TR ,195.44,MOTO,PENDING
C1020,29/01/2024,5812,GB,113.07,MOTO,approved
C1010,2024-09-15,5812,US,135.26,,approved
C1191,23/04/2024,6011,TR ,$294.39,ATM,PENDING
C1037,2025-06-18,5732,GB,$125.55,ATM,declined
C1038,2024-04-10,5999,IT,212.98,,declined
C1119,2024-08-05,5999,AZ,208.13,ATM,PENDING
C1104,10/10/2024,6011,DE,122.12,,APPROVED
C1160,2024-08-19,6011,FR,$95.17,ECOM,APPROVED
C1108,2024-03-16,5999,US,$116.77, ,Approved 
C1034,2024-03-14,5999,GB,$138.86, ,DECLINED
C1075,02/08/2024,5411,TR ,$112.81,MOTO,PENDING
C1027,2024-01-22,4111,DE,190.76,ECOM,DECLINED
C1088,2025-03-11,5541,DE,$80.05,ATM,Approved 
C1147,22/01/2025,5812,GB,8.64,POS,Approved 
C1046,2025-03-02,5411,US,$-52.31, ,Approved 
C1121,01/03/2025,4111,DE,$123.14,,declined
C1127,25/02/2024,5999,AZ,$72.06, ,APPROVED
C1018,13/06/2024,5732,AZ,138.83,ECOM,Approved 
C1039,25/02/2025,4111,AZ,$84.56,,approved
C1192,2024-02-03,5732,US,90.77,,PENDING
C1177,2024-03-27,4111,TR ,105.65, ,Approved 
C1141,12/04/2024,5411,GB,$67.50, ,PENDING
C1163,2025-04-08,5411,GB,$108.99, ,approved
C1071,2024-11-04,5812,FR,135.48,,Approved 
C1012,2024-04-03,6011,DE,$109.69,ECOM,PENDING
C1095,18/05/2024,5999,AZ,188.76,ATM,PENDING
C1092,20/10/2024,5812,FR,$-83.78,,PENDING
C1104,2024-03-19,5999,DE,141.1, ,approved
C1079,2024-10-13,4111,AZ,55.99,,PENDING
C1095,24/06/2024,5732,US,20.44,ATM,DECLINED
C1108,2024-07-08,5999,TR ,$46.20,POS,Approved 
C1095,27/01/2025,5999,GB,$11.13,ECOM,PENDING
C1045,2024-02-28,5541,US,125.07,,Approved 
C1151,2024-02-19,5541,DE,$108.22,,DECLINED
C1193,2024-10-23,6011,DE,$128.29,POS,PENDING
C1017,14/02/2025,5541,DE,154.6,ATM,Approved 
C1022,2025-03-16,6011,FR,44.64,,declined
C1159,03/03/2024,5732,IT,153.47,ATM,Approved 
C1152,02/06/2025,5732,AZ,$196.01,POS,declined
C1032,23/05/2024,6011,TR ,22.46,POS,APPROVED
C1118,2024-01-30,5541,IT,112.54,MOTO,Approved 
C1081,17/12/2024,5812,US,189.72,MOTO,declined
C1018,19/01/2025,6011,FR,$105.72, ,approved
C1039,2024-09-06,6011,GB,$119.61,,DECLINED
C1026,2024-06-09,5411,AZ,89.67,POS,APPROVED
C1000,24/12/2024,5732,TR ,162.78,,approved
C1110,19/11/2024,5732,DE,169.65,MOTO,Approved 
C1164,30/01/2025,5732,TR ,193041.0,ATM,DECLINED
C1079,05/03/2025,5411,AZ,228.39,ATM,Approved 
C1093,11/12/2024,5411,AZ,$53.94,ECOM,declined
C1185,2025-02-21,5999,TR ,137.3,ATM,DECLINED
C1007,02/02/2025,5541,TR ,109.94,MOTO,declined
C1049,2024-01-11,5812,FR,$79.77,ATM,approved
C1047,20/01/2025,5999,FR,$106.16, ,approved
C1149,2024-03-07,5411,US,29.09,,DECLINED
C1072,09/06/2025,5541,US,$177.60,ATM,PENDING
C1173,2024-04-11,5999,US,113.12,ATM,PENDING
C1198,06/04/2024,5999,AZ,148.22,ECOM,declined
C1121,2024-11-28,5541,AZ,142298.3,,DECLINED
C1193,19/12/2024,5812,FR,97.75, ,PENDING
C1021,2024-06-08,4111,DE,72.36,ATM,Approved 
C1022,2024-01-05,5732,TR ,$54.70,MOTO,declined
C1104,27/03/2025,5732,US,37.29,ATM,approved
C1135,20/01/2024,5732,US,$136.65,POS,APPROVED
C1183,17/10/2024,5411,IT,$108.62,,declined
C1123,01/05/2025,4111,AZ,175.48, ,approved
C1017,28/03/2024,5999,IT,$131.55,MOTO,PENDING
C1139,05/07/2024,4111,US,138.47,,Approved 
C1031,2025-02-07,5411,TR ,$29.65,ECOM,declined
C1090,2024-10-13,4111,GB,120.36,ATM,APPROVED
C1182,2024-03-04,6011,GB,$146.89,ECOM,Approved 
C1087,2024-01-03,5999,AZ,$115.76,MOTO,approved
C1003,28/04/2024,6011,FR,180.75,POS,PENDING
C1163,2024-05-31,6011,FR,113.17,,PENDING
C1198,27/05/2025,4111,TR ,173.8,ECOM,declined
C1160,2024-09-07,5541,IT,179.25,ECOM,Approved 
C1099,28/11/2024,5541,TR ,248.71,ATM,APPROVED
C1121,2024-04-10,6011,US,124.19, ,APPROVED
C1094,2025-04-10,5999,TR ,101.04, ,DECLINED
C1049,2024-12-27,5812,DE,126.64, ,PENDING
C1107,2024-12-15,5732,DE,124.94,POS,Approved 
C1025,2024-02-21,4111,IT,152.68,ATM,PENDING
C1159,31/07/2024,5732,IT,131.7,POS,DECLINED
C1195,2025-02-27,5732,AZ,87.63,POS,APPROVED
C1004,2024-08-26,5999,FR,$87.39, ,declined
C1195,2024-08-22,5999,TR ,174.45,MOTO,declined
C1136,25/03/2024,6011,TR ,$153.03,POS,PENDING
C1046,22/07/2024,4111,GB,131.54, ,approved
C1036,2025-06-20,4111,US,-21.17,ATM,APPROVED
C1004,2024-05-27,5732,FR,154.44, ,APPROVED
C1077,2025-01-11,5999,DE,$116.73,ECOM,APPROVED
C1106,2024-08-20,5999,AZ,59.32,MOTO,DECLINED
C1179,2024-12-22,4111,DE,32.13,POS,Approved 
C1041,2025-06-10,5812,TR ,$101.65, ,declined
C1173,13/03/2025,4111,DE,$-132.52,MOTO,declined
C1142,2024-04-13,5999,US,89.22,ATM,DECLINED
C1121,22/12/2024,5999,AZ,116.19,ECOM,DECLINED
C1010,2025-02-09,5732,AZ,-59.86,,DECLINED
C1105,2024-06-09,6011,TR ,80.85,ECOM,APPROVED
C1158,24/08/2024,5999,FR,212.56,ATM,PENDING
C1145,2025-04-14,5999,IT,52.44,,Approved 
C1038,2024-04-07,5732,DE,$145.87,MOTO,PENDING
C1060,2024-03-08,5411,FR,-136.06,,DECLINED
C1192,2024-10-11,5411,US,179.74,,PENDING
C1015,2025-02-20,6011,DE,103.6, ,APPROVED
C1105,2024-07-29,5411,IT,$148.27,ATM,approved
C1011,19/01/2025,5999,US,130.68, ,PENDING
C1044,19/07/2024,5541,TR ,192.36,,declined
C1158,03/03/2025,5732,IT,$160.67,POS,APPROVED
C1137,04/05/2024,5541,FR,$162.62,,PENDING
nan,09/01/2025,5411,AZ,88.24, ,declined
C1006,12/02/2024,6011,IT,141.09,POS,PENDING
C1109,2024-07-20,5732,TR ,$126.46,POS,declined
C1097,2025-04-04,5411,GB,$127.63,POS,declined
C1148,26/05/2024,5732,FR,$134.56,ECOM,declined
C1171,2025-01-13,5999,TR ,120.29,ECOM,APPROVED
C1000,2024-08-31,5812,AZ,$132.05,ATM,PENDING
C1021,2025-01-22,5411,US,179.83,,PENDING
C1086,2024-08-29,5732,AZ,76.46,POS,Approved 
C1084,2025-02-11,5541,GB,71.89,ATM,APPROVED
C1187,07/01/2025,5999,TR ,120.05,ATM,Approved 
C1193,2025-04-24,5541,FR,$-217.31,,PENDING
C1042,2024-12-26,5541,GB,129.01,,APPROVED
C1042,07/08/2024,5411,TR ,178.9,MOTO,PENDING
C1053,26/11/2024,5541,AZ,128.59,ECOM,declined
C1007,2024-08-05,5411,US,95.94,,DECLINED
C1179,08/05/2024,5812,US,112.06,POS,Approved 
C1123,12/01/2025,5999,AZ,$200.05, ,PENDING
C1083,2025-05-02,5812,DE,$92.67,ATM,Approved 
nan,2025-02-24,5999,AZ,-170173.57,,Approved 
C1139,2025-01-12,5541,IT,176.61,,declined
C1095,2024-07-03,5411,IT,73.82, ,APPROVED
C1013,07/09/2024,5999,TR ,64.99, ,Approved 
C1069,15/09/2024,4111,GB,$24.66,,PENDING
C1021,2024-07-14,5411,FR,2.4,MOTO,PENDING
C1035,2025-02-15,5411,TR ,$103.08,MOTO,DECLINED
C1150,16/04/2024,5732,DE,195.31, ,declined
C1167,09/08/2024,4111,US,149.02, ,APPROVED
C1080,17/04/2024,4111,US,$86.88,ATM,declined
C1063,15/03/2025,5732,AZ,$-37.30, ,DECLINED
C1173,17/07/2024,4111,GB,165.67,ATM,PENDING
C1132,2024-12-09,5541,AZ,$72.93,POS,PENDING
C1084,02/08/2024,5812,IT,$76.92,,PENDING
C1127,2024-08-28,5999,DE,222.74,POS,Approved 
C1135,2025-02-24,4111,TR ,144.76,,DECLINED
C1064,01/04/2024,5541,FR,189.9, ,DECLINED
C1013,2024-06-16,6011,US,166.97,ECOM,APPROVED
C1189,26/10/2024,5812,GB,152.21, ,APPROVED
C1159,2024-12-02,5999,FR,175.42,ATM,DECLINED
C1186,2024-08-23,5732,DE,188.99,ECOM,APPROVED
C1105,27/09/2024,5999,DE,$65.83,MOTO,DECLINED
C1141,2024-01-13,4111,US,147.14,,APPROVED
C1037,2024-03-03,4111,FR,$105.83,ATM,declined
C1150,2024-08-12,5999,TR ,170.44,,APPROVED
C1020,2024-10-23,4111,DE,59.66,POS,PENDING
C1116,2024-05-03,5411,DE,$71.30,ATM,declined
C1101,2025-02-10,5999,AZ,105.14,ATM,APPROVED
C1049,2025-05-26,5812,US,120.5,,Approved 
C1035,24/09/2024,5541,IT,87.93, ,DECLINED
C1168,19/04/2024,6011,FR,$-34.90,MOTO,declined
C1061,2024-07-06,5999,TR ,$239.59,,PENDING
C1036,19/08/2024,5999,TR ,$157.23,ATM,APPROVED
C1017,09/03/2024,4111,GB,57.61,POS,declined
C1153,11/02/2024,4111,TR ,$157.29,,declined
C1150,2024-12-10,5999,GB,$167.12, ,Approved 
C1181,15/01/2024,5541,AZ,$204.32,POS,APPROVED
C1013,2024-04-01,5732,FR,208.64,POS,declined
C1142,25/08/2024,6011,TR ,68.12,,PENDING
C1056,10/06/2025,5999,FR,$35.41,POS,APPROVED
C1149,27/09/2024,5812,US,70.6,,DECLINED
C1050,21/10/2024,5732,US,217.49,ATM,PENDING
C1154,2024-03-05,5812,DE,14.39,,declined
C1164,04/11/2024,5541,DE,-190.83,ECOM,DECLINED
C1123,2025-05-19,4111,GB,$88.47,,declined
C1080,2024-02-17,4111,AZ,124.78,ECOM,approved
C1029,2024-03-29,5411,FR,$176.42,MOTO,Approved 
C1174,2025-04-23,4111,AZ,19.09,ATM,Approved 
C1175,13/06/2024,6011,IT,-4.0,ATM,APPROVED
C1046,26/05/2025,5812,AZ,144.23,POS,approved
C1041,28/07/2024,5732,FR,157.5, ,APPROVED
C1097,2025-04-30,6011,TR ,111.1,ECOM,declined
C1095,04/06/2025,4111,FR,230.43,,approved
C1104,2024-02-26,5732,TR ,227.21,POS,APPROVED
nan,2025-02-23,5999,IT,183.46,MOTO,DECLINED
C1199,26/12/2024,6011,TR ,132.38,,declined
C1043,2025-04-22,5411,TR ,87.97,,DECLINED
C1196,23/10/2024,5999,IT,-31.75,POS,Approved 
C1059,29/01/2024,5541,DE,125.0, ,DECLINED
C1159,17/01/2025,5411,TR ,$131.15,ECOM,declined
nan,29/08/2024,5999,IT,47.5,,declined
C1062,2025-05-15,5732,GB,217.32, ,APPROVED
C1067,2024-12-18,6011,DE,-5.85,ATM,PENDING
C1078,2024-03-31,5411,GB,71.9,,DECLINED
C1151,16/03/2025,5812,FR,134.67, ,declined
C1155,18/01/2024,5411,AZ,$145.79, ,Approved 
C1194,10/08/2024,5999,GB,$116.35,ATM,approved
C1097,2025-02-28,5541,US,$136.56,,PENDING
C1179,09/05/2024,6011,GB,142.78,POS,Approved 
C1018,29/10/2024,5732,FR,64.94,,APPROVED
C1145,2025-02-14,5541,IT,$37.62, ,declined
C1128,2024-01-30,5999,GB,193.42,ATM,approved
C1196,2024-03-08,5732,GB,"$124,552.39",ECOM,PENDING
C1184,18/05/2024,5541,AZ,111.62,MOTO,declined
C1020,2024-02-17,5541,IT,276.66,MOTO,APPROVED
C1180,28/04/2024,5411,FR,$104.48,ECOM,PENDING
C1103,27/02/2025,4111,GB,$140.38,ATM,PENDING
C1186,22/02/2024,5732,AZ,$160.12,POS,APPROVED
C1036,2024-05-18,4111,TR ,$59.99,,Approved 
C1003,2024-03-09,5812,GB,$116.58, ,approved
C1176,26/09/2024,5541,US,209.43,POS,Approved 
C1009,2025-04-11,4111,GB,183.51, ,DECLINED
C1099,2024-04-14,5999,AZ,$142.37,ATM,DECLINED
C1078,2024-05-16,5411,GB,128.04,ECOM,Approved 
C1068,19/03/2025,5732,GB,155441.5,POS,APPROVED
C1103,2024-10-03,5541,IT,$99.16,,declined
C1155,29/10/2024,5812,IT,228.21,,DECLINED
C1049,27/10/2024,5411,US,108.73,,Approved 
C1006,2025-05-22,5812,TR ,$116.74,MOTO,PENDING
C1053,2025-05-09,6011,AZ,$140.17,,Approved 
C1083,04/01/2024,5732,US,102.59,POS,Approved 
C1148,19/05/2025,5411,AZ,115.4,POS,PENDING
C1057,2024-12-31,5999,FR,83.21, ,Approved 
C1132,01/05/2025,4111,TR ,$21.25, ,PENDING
C1159,2025-01-02,5812,TR ,152.55,,DECLINED
C1059,12/03/2024,5999,GB,102.77,POS,approved
C1147,23/12/2024,6011,IT,34.4,POS,DECLINED
C1186,18/06/2025,5541,IT,95.82,MOTO,declined
C1192,26/05/2025,5732,GB,$194.82,ECOM,Approved 
C1176,27/06/2024,5411,FR,146.19,,approved
C1142,23/05/2024,5732,AZ,31.17, ,DECLINED
C1178,2024-11-26,5999,US,-130.3,MOTO,PENDING
C1003,16/07/2024,5812,DE,165.61,ECOM,DECLINED
C1117,21/03/2024,5541,AZ,118.68,,PENDING
C1101,02/02/2024,6011,IT,147.64,,PENDING
C1105,2025-01-26,5732,FR,10.52,ATM,approved
C1063,07/10/2024,5541,US,$162.45,ECOM,Approved 
C1117,20/03/2024,5411,TR ,134.6,POS,declined
C1183,2024-11-10,5812,DE,$81.38,ATM,APPROVED
C1142,15/02/2025,5411,TR ,113.38,POS,DECLINED
C1024,15/04/2025,6011,US,96.09, ,PENDING
C1065,24/08/2024,5541,FR,211.54,ECOM,Approved 
C1038,24/12/2024,5732,FR,162.36,ATM,declined
C1124,2024-08-16,5411,US,231.8,,DECLINED
C1121,19/05/2025,5411,GB,37.08,ECOM,approved
C1049,2025-05-25,5541,FR,$63.27,ATM,DECLINED
C1198,2024-08-25,5812,DE,215.51,POS,DECLINED
C1100,2024-10-10,6011,DE,$73.85,POS,approved
nan,2025-06-13,5411,DE,$-39.29, ,Approved 
C1008,2024-06-10,5411,FR,173.89, ,DECLINED
C1147,2025-02-14,6011,GB,118.77,ATM,PENDING
C1057,2024-02-16,5812,DE,102.68,ECOM,Approved 
C1016,2024-03-11,4111,TR ,235.81,MOTO,approved
C1114,2024-07-25,5411,GB,69.62,POS,DECLINED
C1019,2025-01-20,5812,DE,138.87,,declined
C1153,2025-03-07,6011,AZ,$185.51, ,approved
C1117,2025-05-12,5999,GB,$152.56,,approved
C1121,2024-10-07,5732,AZ,$105.06,MOTO,DECLINED
C1161,2025-03-30,5812,GB,$169.37,POS,approved
C1011,30/03/2025,5732,GB,100.97,POS,APPROVED
C1083,2025-01-16,6011,US,$163.07,,PENDING
C1114,2024-09-26,5541,AZ,$169.11,POS,declined
C1185,2025-05-13,5541,GB,$241.86,ATM,APPROVED
C1135,04/04/2025,5411,AZ,39.24,,declined
C1022,2024-09-15,4111,GB,155.01,ATM,PENDING
C1140,2024-01-14,5411,GB,$165.44,MOTO,approved
C1032,13/01/2025,5812,TR ,66.4,,approved
C1045,29/12/2024,5541,US,$22.01, ,Approved 
C1196,26/01/2025,5732,TR ,112.26,POS,Approved 
C1023,08/08/2024,5812,AZ,164.45,,Approved 
C1033,2024-03-01,5812,IT,207.79,ECOM,PENDING
C1037,11/11/2024,6011,AZ,$11.80,ATM,declined
C1062,09/08/2024,5999,IT,211.96,ATM,declined
C1037,17/05/2024,6011,US,$58.41,ATM,PENDING
C1138,2025-05-10,6011,US,$61.99,ATM,DECLINED
C1121,2024-04-13,6011,TR ,47.18,MOTO,Approved 
C1060,21/06/2025,5812,IT,186.46,,DECLINED
C1056,09/03/2024,5812,IT,$85.08,MOTO,DECLINED
C1015,2024-05-26,4111,TR ,$143.81,,APPROVED
C1111,2025-06-22,6011,TR ,100.19,POS,DECLINED
C1108,2024-09-12,5812,FR,83.27,POS,APPROVED
C1021,31/12/2024,5541,FR,$172.34,,DECLINED
C1007,2024-10-23,5812,IT,94.03,,Approved 
C1000,28/02/2024,5732,US,$134.11,MOTO,DECLINED
C1057,08/12/2024,5411,US,132.68,ECOM,Approved 
C1081,25/04/2024,4111,TR ,$198.61,ECOM,declined
C1109,2024-12-07,5541,US,$108.20,,Approved 
C1178,2024-05-14,5411,TR ,$77.41,ATM,PENDING
C1085,06/01/2024,6011,US,$75.66,,APPROVED
C1006,12/12/2024,4111,DE,40.03,ATM,declined
C1109,15/04/2025,4111,IT,140.42,MOTO,Approved 
C1178,16/02/2025,5541,FR,101.45,ECOM,DECLINED
C1118,05/10/2024,5541,TR ,216304.86,POS,Approved 
C1148,2024-05-01,5999,AZ,126.09,,Approved 
C1039,30/11/2024,5999,TR ,$138.00,POS,approved
C1030,25/08/2024,5541,AZ,-130.68,ECOM,declined
C1122,2024-07-22,5732,DE,202.77,,declined
C1044,24/12/2024,6011,GB,103.4,ECOM,approved
C1094,21/05/2024,5732,US,$82.93,,approved
C1124,2024-06-11,5732,TR ,107.8,ATM,PENDING
C1108,04/02/2024,5812,IT,$166.57, ,DECLINED
C1178,2024-05-04,5999,DE,$-174.21, ,APPROVED
C1178,2024-03-25,5541,TR ,116.69,POS,DECLINED
C1050,2024-04-20,5411,IT,$-157.04,ATM,declined
C1085,2025-05-20,5411,IT,$221.65,,Approved 
C1158,08/01/2025,5999,TR ,144.02,ECOM,DECLINED
C1066,21/10/2024,5812,GB,$209.88,ATM,declined
C1186,14/04/2024,6011,DE,$166.04,,APPROVED
C1067,15/07/2024,5541,DE,109.95,ATM,APPROVED
C1046,18/08/2024,5732,FR,141.2,ATM,Approved 
C1129,2024-06-23,5541,FR,245.09,MOTO,DECLINED
C1015,2024-03-18,5812,FR,$126.18,,Approved 
C1118,16/03/2024,6011,FR,193.75,,approved
C1084,2025-06-19,4111,GB,157.47,POS,declined
C1162,2024-03-27,4111,GB,38.64, ,APPROVED
C1114,14/01/2024,5732,US,137.84,ECOM,declined
C1191,2025-05-31,5541,AZ,$124.42,,PENDING
C1141,01/02/2025,4111,IT,$81.40,,PENDING
C1128,2025-06-17,5812,GB,65.45,ECOM,Approved 
C1166,2024-07-06,5541,US,135.87,POS,Approved 
C1179,2024-08-24,5541,TR ,126.49, ,approved
C1035,2024-10-14,5411,US,122.25,MOTO,DECLINED
C1069,04/03/2025,5541,TR ,112.55,ATM,DECLINED
C1152,2024-08-02,5999,TR ,96.13,ECOM,approved
C1125,2024-09-15,5541,TR ,-103.29,ECOM,approved
C1088,19/05/2025,5812,TR ,$217.38,ECOM,PENDING
C1129,2025-05-31,5411,GB,$55.38,ECOM,APPROVED
C1069,02/04/2024,6011,FR,79.36,,approved
C1107,2024-09-11,5732,FR,18.24,ATM,approved
C1028,2025-01-27,5732,AZ,154.07,ATM,DECLINED
C1130,2024-01-19,6011,FR,24.77,POS,PENDING
C1033,21/04/2024,4111,TR ,$239.08,,approved
C1059,29/01/2025,4111,GB,5.73,ECOM,PENDING
C1151,17/02/2024,5411,FR,$171.39,MOTO,DECLINED
C1196,2024-04-22,5812,DE,$67.84,ATM,DECLINED
C1141,19/03/2025,5541,TR ,74.46,ECOM,approved
C1131,09/04/2025,5732,FR,154.2,ATM,PENDING
C1086,2024-07-25,6011,IT,$-77.63,ATM,APPROVED
C1138,09/05/2024,5541,TR ,63.43,,Approved 
C1152,2024-07-03,5999,DE,$212.75, ,approved
C1125,17/04/2024,5812,FR,227.66,ECOM,PENDING
C1156,2024-01-02,5812,IT,$256.25,POS,PENDING
C1124,16/05/2025,6011,US,-26.05, ,PENDING
C1115,22/04/2024,5411,FR,$17.08,,APPROVED
C1044,08/08/2024,5732,FR,$146.78,ECOM,DECLINED
C1177,2025-03-30,5541,US,$0.83,MOTO,Approved 
C1110,2024-06-02,5411,US,$54.93,,DECLINED
C1094,16/07/2024,5411,TR ,211.76,ATM,APPROVED
C1044,2024-03-08,5999,GB,$152.67,,approved
C1043,2024-01-19,5541,DE,186.73,,DECLINED
C1011,04/11/2024,5541,DE,$166.01,ATM,approved
C1067,15/01/2024,5812,GB,237.18,,approved
C1055,2024-02-29,5812,AZ,222.67, ,PENDING
C1011,2025-02-24,5541,GB,-38.26,ECOM,approved
C1143,2024-02-07,4111,GB,122.02,,declined
C1068,2024-12-24,5999,AZ,183.55,,declined
C1039,09/04/2024,5541,GB,91.03,,PENDING
C1058,2024-05-22,4111,FR,$134.58,,approved
C1179,14/10/2024,5999,AZ,279.14,MOTO,declined
C1112,2024-09-29,5999,FR,$94.55,,PENDING
C1109,24/02/2025,5541,GB,$127.61,MOTO,PENDING
C1111,14/02/2024,5999,IT,132.58,MOTO,DECLINED
C1194,2024-08-15,5732,AZ,124.45,MOTO,DECLINED
C1126,06/03/2024,4111,US,$157.99,ECOM,APPROVED
C1151,10/01/2025,5411,IT,$-56.68, ,APPROVED
C1031,13/06/2024,5999,US,$69.98,ECOM,declined
C1044,02/02/2025,5999,TR ,121.94,,DECLINED
C1010,2024-10-29,5812,AZ,$209.13,MOTO,DECLINED
C1084,11/02/2025,5812,US,62.5,ATM,Approved 
C1118,27/04/2025,5812,AZ,$153.27,POS,APPROVED
C1024,19/07/2024,5812,GB,-17.1,,APPROVED
C1023,2025-02-26,5541,GB,61.55,MOTO,PENDING
C1004,24/10/2024,5812,TR ,123.68,,Approved 
C1107,06/09/2024,5999,DE,64.8, ,APPROVED
C1067,2024-12-24,5411,US,$100.79,,approved
C1118,24/02/2024,5541,DE,$-42.44,ATM,declined
C1121,2024-05-22,5812,US,$104.31,ECOM,PENDING
C1161,22/12/2024,5999,US,$10.30,MOTO,approved
C1192,26/01/2024,6011,IT,133.93,MOTO,Approved 
C1004,12/02/2025,5812,FR,$173.51,ECOM,approved
C1092,12/01/2024,5732,US,$-101.39, ,PENDING
C1105,28/10/2024,5411,US,196.92,,declined
C1075,01/07/2024,5541,GB,$92.20,,DECLINED
C1136,2025-06-15,5411,US,153.91,MOTO,Approved 
C1019,14/03/2025,6011,AZ,$101.98,POS,PENDING
C1044,2024-06-26,5732,US,-177.33,,APPROVED
C1071,2025-05-08,5541,FR,88.33,ATM,approved
C1029,2024-12-31,6011,GB,157.09,ATM,DECLINED
C1029,2024-06-12,5812,AZ,$45.51,,approved
C1149,26/09/2024,5411,US,46.79, ,PENDING
C1163,21/03/2025,4111,AZ,73.38,ECOM,DECLINED
C1110,2024-01-21,5999,US,149.53,ATM,Approved 
C1142,2024-08-22,5541,US,$123.73,,PENDING
C1141,2025-05-13,5999,FR,$112.90,,declined
C1009,26/04/2024,5541,US,$211.30,ECOM,PENDING
C1090,2024-10-13,5812,GB,227.66,ECOM,APPROVED
C1177,17/08/2024,5812,IT,$210.96,MOTO,APPROVED
C1117,2025-04-01,5541,FR,$132.53,,Approved 
C1184,2024-05-28,5812,IT,135.6,ECOM,approved
C1175,23/11/2024,5732,AZ,178.64,ECOM,APPROVED
C1047,23/03/2024,5812,TR ,144.86,MOTO,APPROVED
C1156,2025-05-30,4111,GB,109.17,,Approved 
C1021,2024-11-24,5999,US,$133.92,ECOM,declined
C1067,2025-01-13,4111,AZ,72.22,,DECLINED
C1160,2024-08-12,5812,FR,128.43,POS,declined
C1182,2025-06-11,4111,DE,$142.69, ,Approved 
C1033,10/05/2025,5541,FR,97.67,,DECLINED
C1071,12/07/2024,5812,AZ,217.01,ATM,PENDING
C1130,2024-12-29,5732,IT,48.46,ECOM,Approved 
C1185,06/06/2025,5999,TR ,$67.99,,APPROVED
C1117,2024-11-25,6011,US,-25.07,,approved
C1147,03/02/2024,5812,TR ,127.79,ECOM,declined
C1062,2025-03-18,5541,AZ,$81.07,POS,approved
C1148,30/03/2025,5411,IT,121.6,ATM,PENDING
C1035,2024-12-02,5732,US,191.28,POS,approved
C1164,2025-06-06,5732,FR,129.8,,APPROVED
C1129,26/04/2024,5411,US,242.84,POS,DECLINED
C1192,2024-10-09,5732,FR,181.81,POS,PENDING
C1009,2024-07-15,5812,FR,$48.58,ATM,approved
C1011,2024-09-30,5999,IT,$131.38,ECOM,PENDING
C1012,17/05/2025,5812,AZ,186.62,,approved
C1055,08/09/2024,6011,IT,130.76,,APPROVED
C1008,20/02/2024,4111,GB,122.23,,declined
C1042,31/05/2025,6011,US,37.35,,declined
C1140,16/09/2024,5999,GB,$72.51, ,Approved 
C1010,2024-01-13,5812,GB,213.49,,APPROVED
C1023,2024-05-29,5732,US,227.03,POS,approved
C1092,2024-12-07,5732,GB,45.67,ECOM,PENDING
C1068,2025-01-10,5732,GB,79.95,ATM,approved
C1059,2024-05-21,5812,IT,$72.91,,approved
C1003,06/12/2024,5999,TR ,156.45,ATM,PENDING
C1070,2024-05-02,5812,GB,140.82,,APPROVED
C1128,2024-11-24,6011,GB,$142.90, ,PENDING
C1032,21/04/2024,5541,US,24.95, ,approved
nan,27/04/2024,6011,US,$139.10, ,declined
C1039,18/04/2024,5999,AZ,45.38,ATM,Approved 
C1179,19/01/2025,5411,TR ,-190.13,,APPROVED
C1187,2025-03-08,6011,FR,$135.74,ECOM,approved
C1180,02/09/2024,6011,US,$121.85,ECOM,PENDING
C1098,2024-10-09,6011,FR,71.0,ATM,PENDING
C1174,11/05/2025,5812,GB,46.18,POS,DECLINED
C1185,2025-01-09,5999,US,$174.95,ECOM,DECLINED
C1036,20/11/2024,5541,AZ,145.4,,approved
C1055,2024-01-02,5812,IT,178.77,POS,Approved 
C1151,2024-10-27,5541,DE,-211.81,,Approved 
C1150,2024-09-23,5999,FR,104.11,MOTO,declined
C1068,2025-04-17,5732,FR,179.55,,Approved 
C1151,2025-03-09,6011,FR,187.84,MOTO,DECLINED
C1120,2024-06-20,4111,IT,186.36,,DECLINED
C1035,06/05/2024,5732,TR ,173.62,ECOM,Approved 
C1127,08/01/2025,5812,GB,171.15,ATM,APPROVED
C1129,2024-06-10,5541,TR ,$82.10,ECOM,approved
C1040,29/05/2025,5732,DE,80.71,MOTO,PENDING
C1183,22/12/2024,4111,US,98.59,ECOM,APPROVED
C1148,2024-07-30,5999,IT,$171.04,POS,APPROVED
C1026,2025-05-20,5541,DE,-78.52,MOTO,APPROVED
C1081,19/04/2024,5999,DE,80.34,MOTO,PENDING
C1078,2024-07-28,4111,US,156.3,POS,PENDING
C1029,04/02/2025,5541,TR ,$150.83,,Approved 
C1165,05/12/2024,5812,TR ,$77.05, ,DECLINED
C1113,2025-01-21,5732,US,99.38,,PENDING
C1064,07/01/2024,5812,IT,83.1,,Approved 
C1193,05/06/2025,6011,TR ,154.17,MOTO,approved
C1148,01/09/2024,6011,GB,$149.53,ECOM,approved
C1063,03/10/2024,5812,GB,48.24,POS,declined
C1036,16/11/2024,5411,AZ,$172.11,ATM,APPROVED
C1179,2024-06-19,5732,US,145.08,POS,APPROVED
C1025,10/09/2024,4111,DE,$22.05,,Approved 
C1192,20/06/2024,5812,DE,218.77,MOTO,PENDING
C1198,15/05/2024,5541,GB,126.39, ,declined
C1127,01/05/2025,6011,DE,$53.38,MOTO,Approved 
C1034,2025-01-29,5541,AZ,193.69,ATM,Approved 
C1030,20/08/2024,5812,US,111.23,ATM,declined
C1031,12/10/2024,5812,TR ,142.39,ECOM,PENDING
C1038,19/10/2024,4111,IT,177.96,,Approved 
C1097,05/09/2024,5999,IT,187.5,MOTO,DECLINED
C1115,2024-12-06,4111,US,98.23,POS,PENDING
C1099,11/04/2024,6011,FR,183.51,ATM,APPROVED
C1002,26/11/2024,5999,FR,$96.37,ATM,DECLINED
C1078,2025-04-11,6011,AZ,146.74,ECOM,Approved 
C1162,01/06/2024,6011,DE,55.85,ECOM,Approved 
C1112,2024-08-31,5812,GB,$12.57,POS,approved
C1198,12/04/2024,6011,US,$115.94,,Approved 
C1105,2025-01-31,4111,FR,168.64, ,Approved 
C1186,29/04/2024,5541,DE,$87.95,POS,declined
C1048,2024-05-03,5541,IT,$210.99,MOTO,declined
C1140,2024-02-11,4111,TR ,122.57,ECOM,approved
C1136,2025-02-21,5411,FR,$170.52,ECOM,Approved 
C1152,2024-06-09,5999,IT,163.54,ECOM,DECLINED
C1052,19/03/2024,5812,DE,188.13,POS,PENDING
C1173,02/01/2024,5411,TR ,61888.39,ATM,approved
C1048,29/12/2024,5999,DE,102.28,ECOM,APPROVED
C1097,26/07/2024,5732,GB,97.16,POS,APPROVED
C1079,07/06/2024,5999,AZ,$201.48,MOTO,PENDING
C1134,17/02/2025,6011,DE,189.3,MOTO,approved
C1090,04/05/2025,6011,TR ,$138.01,MOTO,DECLINED
C1149,2024-02-11,6011,DE,$116.64,ECOM,approved
C1173,2024-03-30,5812,TR ,$200.66,,declined
C1174,11/04/2025,6011,TR ,145.82,ATM,APPROVED
C1129,2025-04-07,5411,TR ,232.17,MOTO,PENDING
C1120,2024-04-26,5999,FR,122.72,ATM,DECLINED
C1066,2024-09-24,5411,US,212.3,,Approved 
C1011,24/02/2024,5411,US,$136.53,ATM,DECLINED
C1192,19/12/2024,5732,GB,$229.28,MOTO,PENDING
C1117,13/06/2025,5411,GB,127.87,POS,approved
C1078,10/02/2025,4111,FR,85.39, ,declined
C1142,22/06/2024,4111,IT,$98.72, ,Approved 
C1199,2025-06-17,6011,AZ,166.18,,DECLINED
C1089,2024-02-04,5411,AZ,183.94,MOTO,approved
C1083,15/09/2024,5999,GB,$1.80,MOTO,APPROVED
C1067,2024-01-13,5541,FR,195.76,,DECLINED
C1186,2024-06-21,5812,GB,$164.99,MOTO,Approved 
C1127,2025-04-24,5812,US,$23.84,,Approved 
C1164,05/05/2024,5812,FR,73.69,,approved
C1013,2024-11-01,5999,TR ,109.57,ATM,APPROVED
C1126,24/01/2024,4111,FR,$94.34,POS,Approved 
C1109,21/08/2024,5999,FR,19.68,ECOM,Approved 
C1094,2024-07-20,5411,GB,$150.19,ECOM,declined
C1135,17/04/2024,5812,GB,237.39,,PENDING
C1144,2025-05-28,5812,GB,74.27,ATM,APPROVED
C1137,15/06/2024,6011,GB,116.85,,APPROVED
C1100,20/01/2025,5411,FR,$100.29,,APPROVED
C1093,2024-08-10,6011,US,133.46, ,APPROVED
C1011,25/03/2024,5812,FR,$88.12,ATM,Approved 
C1026,2024-07-10,5411,AZ,$79.11,,approved
C1111,2025-01-15,5812,TR ,23.63,MOTO,approved
C1121,2024-11-07,5812,TR ,60.79, ,PENDING
C1135,10/06/2025,4111,US,114.23,,APPROVED
C1158,2025-05-14,6011,US,203.69,ECOM,PENDING
C1043,27/11/2024,5732,FR,30.76,ATM,Approved 
C1025,29/01/2025,5812,GB,170.66,POS,PENDING
C1094,2025-03-27,5999,US,32.5,MOTO,declined
C1036,16/11/2024,5411,AZ,$172.11,ATM,APPROVED
C1164,21/11/2024,5732,TR ,$151.46,ATM,Approved 
C1032,2025-02-26,5999,FR,92.96,,PENDING
C1183,25/04/2024,6011,AZ,$157.09,ATM,APPROVED
C1151,2024-12-16,5812,AZ,161.34,ATM,APPROVED
C1023,2025-05-14,5411,US,$16.68,,APPROVED
nan,2024-08-29,5999,GB,146.42,ECOM,Approved 
C1019,2025-04-14,5411,AZ,$183.62, ,PENDING
C1144,11/01/2025,5732,DE,124.13,,approved
C1186,16/01/2025,5999,TR ,$92.16,ECOM,declined
C1160,2024-01-19,5411,FR,98.28,ECOM,declined
C1046,22/02/2024,4111,GB,$155.93,,declined
C1074,21/10/2024,5732,TR ,$107.17,ECOM,declined
C1130,2024-05-06,4111,US,175.28,MOTO,approved
C1171,28/06/2024,5732,TR ,76.13,MOTO,Approved 
C1022,2024-12-17,6011,DE,256.79,,APPROVED
C1111,01/04/2024,6011,DE,$50.35,,declined
C1085,18/02/2025,5732,GB,110.0, ,APPROVED
C1144,2025-05-12,5732,TR ,165.82,MOTO,PENDING
C1126,2024-07-29,5999,IT,173.36,,approved
C1172,2024-06-27,4111,US,$194.62, ,declined
C1058,2025-06-19,4111,IT,$92.45, ,PENDING
C1077,04/02/2024,5541,AZ,136.15,ATM,declined
C1110,2024-04-17,5999,GB,64.86,,PENDING
C1197,10/08/2024,5732,FR,71.97, ,DECLINED
C1175,2024-08-05,6011,FR,$282.63,ATM,Approved 
C1089,19/02/2025,5812,DE,103.22,ECOM,Approved 
C1160,15/04/2024,5411,AZ,$159.36, ,Approved 
C1124,2025-06-15,5541,DE,$128.98,ATM,APPROVED
C1069,20/05/2024,6011,FR,$124.46,POS,DECLINED
C1044,2024-11-08,5999,US,64.28,ATM,approved
C1112,2024-01-10,5732,AZ,153.63,ECOM,PENDING
C1085,25/03/2024,5541,US,117.63,,APPROVED
C1107,17/03/2025,5999,DE,$19.74,ATM,DECLINED
C1135,2025-02-02,6011,DE,71.12,,DECLINED
C1194,2025-06-10,6011,FR,187.75,POS,approved
C1198,2025-01-01,5812,TR ,110.7,POS,APPROVED
C1028,20/03/2024,4111,DE,$24.46, ,PENDING
C1119,2024-03-28,5411,US,$99.14,MOTO,DECLINED
C1121,10/11/2024,5812,IT,115.77,ATM,declined
C1161,11/05/2024,5411,US,146.25,,Approved 
C1185,2025-02-24,5812,DE,71.85,ATM,DECLINED
C1026,09/09/2024,5541,DE,$139.26,POS,APPROVED
C1075,2024-03-29,5999,FR,$237.69,ATM,DECLINED
C1070,19/03/2025,5999,US,-233.44,,APPROVED
C1079,2024-11-01,5732,DE,100.07, ,DECLINED
C1079,22/02/2024,5732,IT,198.4,MOTO,Approved 
C1180,2024-11-23,5732,DE,-106.35,POS,approved
C1060,22/04/2025,5411,DE,$121.47,MOTO,approved
C1043,15/12/2024,5541,IT,134.56,MOTO,Approved 
C1158,07/05/2024,5999,AZ,124.76,ECOM,APPROVED
C1160,21/10/2024,5999,GB,164.65,POS,APPROVED
C1128,13/07/2024,5411,DE,$175.69,POS,APPROVED
C1164,2025-06-21,5541,TR ,$222.38,ECOM,PENDING
C1109,22/10/2024,5812,DE,$171.65,POS,PENDING
nan,2025-06-23,5732,US,66.61,,Approved 
C1172,2025-01-21,5732,GB,120.29,MOTO,DECLINED
C1191,04/05/2024,5411,GB,232.19,ATM,declined
C1100,2024-01-23,5812,GB,161.32,ECOM,Approved 
C1035,2024-07-08,5541,FR,"$55,349.57",,approved
C1005,2024-03-09,4111,FR,$99.32,,Approved 
C1014,2024-05-14,5999,GB,196.25,ECOM,PENDING
C1028,2025-02-24,5812,TR ,$143.39,ECOM,Approved 
C1060,2024-05-14,5541,US,$150.54,,DECLINED
C1010,2024-06-02,4111,GB,51.29, ,declined
C1090,2024-03-16,5411,AZ,$101.60,ECOM,APPROVED
C1196,14/06/2025,5732,DE,148.02,ECOM,approved
C1042,15/05/2025,4111,US,117.26,ECOM,DECLINED
C1131,2024-12-21,5411,IT,152.47, ,approved
C1012,2024-06-22,5812,US,149.11, ,approved
C1010,15/03/2025,5732,IT,90.91,MOTO,DECLINED
C1022,18/05/2024,5541,AZ,180.1,MOTO,DECLINED
C1114,08/03/2025,5999,GB,121.26,ATM,approved
C1140,09/01/2024,4111,DE,14.04,POS,declined
C1059,03/04/2024,5541,AZ,$166.21,,Approved 
C1166,2025-04-24,5732,DE,40.54,,DECLINED
C1142,2024-01-10,4111,GB,$154.34,POS,APPROVED
C1134,19/02/2025,5732,DE,114.09, ,PENDING
C1097,2025-04-09,5541,DE,-210.48,ECOM,PENDING
C1139,30/07/2024,4111,FR,$77.44,POS,declined
C1005,06/05/2024,6011,US,$140.47,ECOM,PENDING
C1163,19/08/2024,5999,FR,37.28, ,APPROVED
C1158,2025-01-27,5411,TR ,141.99,MOTO,declined
C1150,29/11/2024,5411,US,162.11,ATM,DECLINED
C1178,2025-03-07,5999,IT,212.96, ,approved
C1188,25/03/2025,5541,US,$137.87, ,PENDING
C1181,06/05/2024,5812,US,-136.13,ECOM,declined
C1111,2024-08-29,5999,FR,187.74,POS,DECLINED
C1063,05/11/2024,5812,DE,168.29,,APPROVED
C1156,19/08/2024,5411,AZ,$217.17,ECOM,DECLINED
C1139,2024-05-14,5541,IT,$134.67,POS,approved
C1070,26/08/2024,5812,IT,$113.29,MOTO,Approved 
C1162,2024-02-14,4111,GB,2.7,ECOM,DECLINED
C1150,20/05/2024,5999,GB,$179.52,ECOM,Approved 
C1065,19/03/2024,5541,US,290.93,,PENDING
C1130,12/07/2024,5732,GB,$134.72, ,Approved 
C1121,26/10/2024,4111,US,180.98,POS,approved
C1156,2025-05-20,5541,DE,51.63,POS,PENDING
C1149,22/04/2025,5999,US,$162.43,,declined
C1152,2025-03-13,5411,US,44.12,POS,Approved 
C1045,02/09/2024,5999,DE,$166.41,ATM,approved
C1028,2024-09-23,5732,TR ,$55.21,,approved
C1170,2025-02-23,5411,FR,$-50.31, ,PENDING
C1065,2024-12-17,5812,FR,$149.32,MOTO,DECLINED
C1083,26/03/2025,5999,FR,121.09,POS,approved
C1032,2025-01-03,5411,FR,95.97,ECOM,PENDING
C1013,2024-02-03,5732,TR ,97.5,POS,APPROVED
C1000,30/09/2024,5541,TR ,127.18, ,APPROVED
C1140,2024-01-28,5411,US,186.05,MOTO,declined
nan,2024-12-17,5999,GB,154537.35,,declined
C1179,06/08/2024,5411,DE,$130.72, ,PENDING
C1117,2024-06-13,5732,US,69.28,,APPROVED
C1108,15/02/2024,5732,GB,185.96,ECOM,approved
C1046,2024-09-27,5999,FR,80.84,,approved
C1118,27/11/2024,5732,DE,105.96,POS,Approved 
C1114,2024-05-17,5411,FR,$155.17,POS,PENDING
C1138,2024-04-29,5812,GB,$183.40,MOTO,APPROVED
C1075,27/05/2025,5812,AZ,186.3, ,declined
C1194,2024-05-07,5541,TR ,90.27,ATM,approved
C1191,05/04/2024,5999,FR,$27.86,ECOM,DECLINED
C1050,2025-02-23,5411,IT,181.6,MOTO,Approved 
C1017,2025-02-18,5411,TR ,49.47,POS,approved
C1138,2025-02-09,5999,US,104.43,ATM,APPROVED
C1181,2024-12-06,5812,GB,$87.05, ,Approved 
C1042,2024-03-01,6011,AZ,177.63,MOTO,Approved 
C1190,02/11/2024,6011,FR,$-99.38,ATM,declined
nan,19/10/2024,6011,US,123.64,ECOM,Approved 
C1012,2024-07-20,4111,FR,33.04,ATM,Approved 
C1047,2025-04-29,5812,US,142.87,,PENDING
C1186,2024-04-08,5411,DE,29.8, ,DECLINED
C1059,2025-02-06,6011,TR ,$119.82,,approved
C1069,2025-04-29,5812,GB,88.64,MOTO,DECLINED
C1014,2024-04-05,4111,GB,$123.94,,APPROVED
C1165,27/01/2024,4111,IT,108.9, ,APPROVED
C1136,2025-06-07,5812,US,$112.43,,PENDING
C1079,2024-02-28,5411,AZ,$235.47,POS,approved
C1075,14/04/2024,6011,IT,229.32,ECOM,DECLINED
C1090,2025-04-16,5411,AZ,-74.93, ,DECLINED
C1100,2024-02-20,5732,TR ,194.01,POS,approved
C1182,2024-06-09,5999,US,$215.43,ECOM,DECLINED
C1066,24/05/2025,5732,FR,55.09,,approved
C1071,2024-11-26,4111,FR,21.84,,Approved 
C1168,2024-04-27,6011,IT,161.42,ECOM,APPROVED
C1050,2024-03-08,4111,TR ,152.01,POS,approved
C1051,16/12/2024,4111,FR,$79.25, ,PENDING
C1152,2024-04-11,5812,AZ,-70.53,POS,PENDING
C1001,2025-06-07,6011,FR,93.84,,Approved 
C1044,15/11/2024,4111,AZ,114.6,,Approved 
C1068,2024-02-12,5411,DE,$75.42,ATM,approved
C1055,2025-03-25,5732,US,177.56,ATM,PENDING
C1161,12/01/2024,6011,US,183.78,ATM,declined
C1107,2024-12-21,5411,TR ,-93.12,ECOM,DECLINED
C1179,28/09/2024,5812,AZ,84.99, ,approved
C1051,05/04/2024,5732,FR,$186.64,POS,approved
C1196,2024-10-26,5541,TR ,$133.88, ,DECLINED
C1004,05/04/2024,5812,FR,181.02, ,Approved 
C1112,2024-06-21,5541,DE,$94.42,MOTO,declined
C1169,06/01/2025,5999,TR ,173.54,POS,PENDING
C1110,01/01/2025,4111,TR ,33.52, ,PENDING
C1002,2025-05-06,6011,US,$169.77,,declined
C1139,18/12/2024,5999,US,95.53,ATM,declined
C1089,2024-03-12,5812,DE,263.36,ECOM,APPROVED
C1130,2024-08-11,4111,US,189.45,,Approved 
C1180,16/06/2024,5812,FR,$107.18,ECOM,APPROVED
C1064,13/11/2024,6011,TR ,246.92,ATM,DECLINED
C1105,2024-09-15,4111,AZ,147.92,,Approved 
C1129,20/07/2024,5541,TR ,121.61,,PENDING
C1041,22/04/2024,5541,IT,$112.84,MOTO,DECLINED
C1184,01/05/2025,5411,TR ,$158.94,POS,Approved 
C1024,2024-08-18,5999,IT,$190.71,ECOM,PENDING
C1027,22/01/2024,5999,TR ,$112.57,ATM,declined
C1130,01/12/2024,4111,DE,$-23.18,,Approved 
C1142,2024-11-22,5411,GB,132.89,ATM,PENDING
C1176,20/08/2024,6011,DE,202.0,POS,Approved 
C1039,2024-12-20,4111,US,69.02,ATM,APPROVED
C1105,30/06/2024,5411,DE,143.12,,declined
C1133,2024-01-05,5411,AZ,$147.94,ECOM,PENDING
C1192,03/10/2024,5999,US,$116.59,,Approved 
C1104,03/04/2025,4111,IT,$76.49, ,Approved 
C1125,2024-11-16,5812,DE,$94.47,POS,declined
C1197,2024-09-13,4111,AZ,$-153.42, ,APPROVED
C1179,11/07/2024,5541,AZ,$43.83,ATM,declined
C1145,09/06/2024,5812,IT,127.18,POS,declined
C1109,2024-12-15,5812,AZ,$183.83, ,PENDING
C1066,08/07/2024,4111,US,$162.93,ATM,PENDING
C1082,2025-06-18,5411,GB,$-9.49,ATM,PENDING
C1058,2024-10-14,5812,US,50.82,POS,declined
C1054,2024-09-15,5411,AZ,208.44, ,declined
C1197,2024-11-11,6011,US,246.94,ECOM,DECLINED
C1167,22/06/2024,6011,AZ,159.85,MOTO,declined
C1021,09/06/2025,5999,FR,-180.77,,DECLINED
C1105,2025-05-10,5999,IT,$66.28,MOTO,declined
C1093,18/06/2025,6011,GB,$108.13,POS,declined
C1061,2024-07-17,5541,TR ,$161.41,POS,Approved 
C1054,29/01/2025,6011,TR ,76.88,POS,Approved 
C1133,11/10/2024,5999,US,318.48,,PENDING
C1052,12/02/2025,5732,TR ,88.98,,APPROVED
C1159,2024-04-13,5999,FR,$164.75,POS,DECLINED
C1006,01/10/2024,5999,AZ,187.25,,declined
C1149,16/04/2024,6011,GB,164.89,ECOM,approved
C1023,2024-02-21,5732,FR,96255.31,POS,APPROVED
C1197,2025-05-27,5541,FR,182.03,POS,approved
C1105,2024-09-02,5812,GB,150.96,MOTO,approved
C1037,01/09/2024,6011,IT,158.88,,declined
C1022,2024-12-22,5732,IT,$33.45, ,Approved 
C1087,26/05/2024,5812,FR,$212.79,MOTO,PENDING
C1147,2024-06-22,5541,DE,$-14.57,ATM,DECLINED
C1186,28/06/2024,6011,FR,$101.21, ,APPROVED
C1016,13/08/2024,5812,FR,$81.67,MOTO,PENDING
C1065,2024-01-04,6011,AZ,$148.22,ATM,PENDING
C1179,2025-03-03,5541,AZ,$138.48,MOTO,declined
C1034,23/10/2024,5812,AZ,$124.83,,Approved 
C1063,29/08/2024,5541,TR ,$109.25, ,declined
C1136,13/03/2025,5411,US,149.96, ,APPROVED
C1039,2024-01-15,5411,FR,59.31,,DECLINED
C1135,2025-01-27,5411,US,114.87,POS,approved
C1065,2024-01-13,5812,GB,124.67,,PENDING
C1130,2025-01-19,5812,GB,98.93, ,PENDING
C1069,23/05/2025,5732,US,$53.04,,DECLINED
C1016,07/01/2025,5999,US,$199.75,ECOM,PENDING
C1090,2024-10-31,4111,US,$37.42,ATM,APPROVED
C1028,14/07/2024,5999,IT,184.62, ,PENDING
C1052,07/05/2024,5411,FR,$94.65,ECOM,DECLINED
C1019,2024-11-25,4111,FR,$142.43,POS,approved
C1117,06/02/2024,5999,US,$226.47,MOTO,Approved 
C1196,2024-06-04,5999,US,143.9,POS,declined
C1027,02/04/2025,5732,FR,58.18,MOTO,Approved 
C1008,17/01/2024,5541,GB,$148.46,POS,declined
C1152,2024-10-23,5812,DE,151.07,,APPROVED
C1022,2024-09-12,5732,FR,189.78, ,APPROVED
C1072,14/03/2024,5732,GB,$152.64,ECOM,declined
C1091,2024-01-13,5411,TR ,114.4,,approved
C1065,2024-07-10,5732,TR ,$140.10,,PENDING
C1123,2025-02-11,5812,TR ,75.44,ATM,DECLINED
C1103,2024-02-24,5411,FR,103.73,,PENDING
C1126,03/07/2024,5411,US,$44.30,ECOM,DECLINED
C1093,26/01/2024,5732,FR,$117.45, ,APPROVED
C1014,2024-06-29,5812,TR ,$208.94,MOTO,Approved 
C1186,17/02/2024,5541,US,205.8,,declined
C1127,17/01/2025,5999,US,169.09,ATM,DECLINED
C1161,2025-02-13,5541,IT,72.61,,Approved 
C1114,2024-11-20,5812,US,119.74,POS,PENDING
C1029,2024-02-07,5732,IT,$208.03,ATM,PENDING
C1030,02/04/2025,5732,GB,$75.10,POS,declined
C1184,10/11/2024,6011,GB,$36.18,POS,DECLINED
C1047,2024-03-14,5732,IT,52.16,POS,Approved 
C1086,23/12/2024,6011,AZ,147.58,MOTO,approved
C1002,2025-04-12,5812,GB,$111.60,ECOM,PENDING
C1118,27/05/2025,5999,US,89.95,MOTO,Approved 
C1194,12/10/2024,5999,GB,165.45,MOTO,PENDING
C1049,2025-06-03,5411,FR,62.52,,declined
C1056,2025-02-27,6011,IT,$82.54,ATM,DECLINED
C1023,2024-03-26,5541,IT,117.96,,PENDING
C1032,14/01/2025,5411,FR,$61.34,ECOM,DECLINED
C1168,29/02/2024,5732,AZ,186.36,POS,PENDING
C1158,2024-03-08,6011,AZ,163.39, ,Approved 
C1066,10/09/2024,5411,TR ,86.99, ,PENDING
C1041,03/01/2025,5411,FR,234.83,ECOM,DECLINED
C1007,2025-01-06,5411,IT,185.49,POS,PENDING
C1126,18/08/2024,5411,FR,171.03,ECOM,APPROVED
C1049,09/04/2024,5541,GB,46.45,POS,approved
C1144,2025-02-28,5411,TR ,126.81,,Approved 
C1046,01/05/2025,6011,FR,181.83, ,declined
C1045,02/02/2025,5411,US,67.48,,approved
C1154,2024-07-22,5812,IT,$69.75,,APPROVED
C1174,19/02/2024,5541,US,215.67,ECOM,PENDING
C1015,04/12/2024,5999,TR ,-169.18,POS,PENDING
C1098,16/05/2024,6011,GB,$137.22,ATM,declined
C1119,21/07/2024,5541,AZ,$47.34,,Approved 
C1000,26/11/2024,5411,IT,194.98,MOTO,DECLINED
C1124,11/03/2025,5812,IT,189.15,POS,Approved 
C1006,2024-04-05,5541,US,189.01,ATM,approved
C1175,28/04/2025,5411,AZ,74.45,,Approved 
C1085,18/01/2025,5541,AZ,105.46,,declined
C1121,06/11/2024,5411,US,46.03,POS,declined
C1114,15/11/2024,5999,IT,183.74, ,PENDING
C1192,2025-06-11,5541,TR ,74.97,ECOM,Approved 
C1170,2024-02-22,5812,TR ,162.06,POS,APPROVED
C1091,2024-07-17,5541,GB,134.26,MOTO,Approved 
C1039,2025-05-02,5732,GB,127.36,POS,APPROVED
C1073,24/11/2024,5541,AZ,108.27, ,APPROVED
C1169,2025-01-10,5812,AZ,$63.66,ECOM,Approved 
C1033,2024-03-07,6011,AZ,189.14,ECOM,Approved 
C1173,18/07/2024,5999,TR ,$107.96,MOTO,approved
C1073,2024-08-25,5812,IT,$30.75,POS,DECLINED
C1146,2024-06-24,6011,DE,$145.12,MOTO,PENDING
C1168,2024-07-18,5411,DE,$105.00,ATM,declined
C1058,26/10/2024,4111,US,136.04,,Approved 
C1176,13/09/2024,6011,DE,$62.01,,PENDING
C1047,19/05/2024,6011,US,$41.21,MOTO,declined
C1074,21/01/2024,5411,TR ,$59.31,ECOM,PENDING
C1068,2025-01-23,5411,US,185.89,,APPROVED
C1091,03/03/2024,5732,TR ,$137.69, ,PENDING
C1050,21/12/2024,4111,TR ,145.74,ATM,Approved 
C1027,08/04/2024,5411,TR ,$141.87,,PENDING
C1049,30/03/2024,5411,TR ,$192.84,MOTO,Approved 
C1016,2024-12-30,5411,FR,$1.94, ,APPROVED
C1178,2024-02-02,5812,IT,136.69,,declined
C1169,2024-12-18,5732,TR ,$156.82,,approved
C1104,2024-06-01,6011,IT,139.89,MOTO,APPROVED
C1197,06/04/2024,5732,TR ,196.86,,declined
C1130,2024-03-02,5812,GB,33.05, ,approved
C1142,02/02/2025,5812,TR ,160.16,,PENDING
C1187,14/02/2024,4111,GB,$202.64,MOTO,PENDING
C1146,02/03/2024,5812,GB,95.98,MOTO,declined
C1086,29/06/2024,5541,US,68.17,POS,APPROVED
C1061,2024-12-20,5541,AZ,$123.51,ATM,PENDING
C1012,13/10/2024,6011,IT,$70.16,MOTO,PENDING
C1013,2025-05-23,5812,GB,71.45,POS,approved
C1049,22/01/2025,5732,FR,$186.37,,DECLINED
C1138,2024-10-15,5999,US,68.06,MOTO,declined
C1125,13/04/2025,5999,AZ,$119.10,ECOM,approved
C1101,2025-01-26,5732,TR ,123.53,,PENDING
C1110,05/03/2025,5732,GB,-52.49,POS,declined
C1112,01/10/2024,5411,FR,161.81,ECOM,approved
C1021,2024-08-02,5732,FR,$158.38,MOTO,DECLINED
C1097,03/04/2024,5732,AZ,$0.55,MOTO,APPROVED
C1016,05/04/2025,5732,AZ,198.36,ATM,PENDING
C1113,10/03/2024,5411,GB,$78.60,MOTO,APPROVED
C1195,31/08/2024,4111,US,30.23,POS,PENDING
C1177,2024-08-10,4111,AZ,224701.67,,approved
C1070,2024-06-10,5812,DE,139.13,,Approved 
C1100,2025-03-06,6011,AZ,$45.06,MOTO,DECLINED
C1005,19/03/2024,5411,DE,288.27,,APPROVED
C1051,23/02/2024,5812,FR,$95.55,MOTO,declined
C1172,2025-02-24,6011,GB,53.48,MOTO,declined
C1024,2025-06-08,5732,DE,$142.80,,PENDING
C1067,2024-07-15,5999,US,103.62,,DECLINED
C1139,2025-01-01,5732,GB,4.77,,approved
C1037,20/03/2024,4111,FR,99589.4, ,approved
C1138,20/09/2024,6011,AZ,130.91,MOTO,approved
C1062,25/08/2024,5541,TR ,$227.27,POS,APPROVED
C1121,2025-02-07,5999,IT,-107.43,MOTO,DECLINED
C1105,2024-08-16,4111,FR,190.18,MOTO,APPROVED
C1070,2024-01-03,5541,AZ,188.9, ,DECLINED
C1130,2025-05-17,5812,GB,47.22, ,PENDING
C1130,15/01/2025,6011,DE,$147.03,ECOM,PENDING
C1105,03/05/2024,5411,FR,$111.35,ATM,Approved 
C1073,2025-01-19,5541,FR,109.89,,PENDING
C1068,15/10/2024,5812,DE,37.41,ECOM,approved
C1143,09/03/2024,5999,DE,218.4,POS,APPROVED
C1104,2024-01-02,5411,TR ,112.1,ECOM,approved
C1191,06/02/2024,5411,AZ,$181.14,,APPROVED
C1028,25/04/2025,5732,FR,154.17,MOTO,PENDING
C1164,21/01/2025,5541,DE,275.9, ,Approved 
C1141,11/04/2025,5541,AZ,208.12,POS,DECLINED
C1135,2024-06-15,5541,AZ,82.48,ECOM,approved
C1195,2025-06-20,5411,FR,$144.34, ,Approved 
C1196,2025-04-27,5812,DE,151.0,,approved
C1143,19/04/2025,4111,AZ,$177.48,ECOM,declined
C1033,24/07/2024,6011,AZ,$133.77,,declined
C1097,2024-09-10,4111,FR,$163.35, ,declined
C1079,12/08/2024,5999,FR,$133.30, ,Approved 
C1141,2025-01-02,6011,TR ,115.14,,declined
C1127,18/02/2024,6011,US,$128.31,ATM,Approved 
C1062,2024-03-15,5541,US,$126.63,,DECLINED
C1131,22/05/2025,5999,GB,$145.65,ECOM,APPROVED
C1049,2024-05-01,5541,US,$128.19, ,APPROVED
C1196,2025-02-05,5732,GB,$42.13,,DECLINED
C1096,2024-01-03,5411,IT,98.95,MOTO,Approved 
C1104,2024-07-01,5411,AZ,131.32,ATM,PENDING
C1014,10/03/2024,4111,TR ,$4.11,,PENDING
C1075,06/05/2025,5732,FR,166.22,ECOM,APPROVED
C1015,03/05/2025,4111,DE,$172.46,MOTO,PENDING
C1178,18/01/2025,5732,US,$172.43, ,DECLINED
C1116,08/05/2025,5411,IT,139.42,,Approved 
C1002,2025-01-18,4111,AZ,163.9,,approved
C1069,2024-09-08,4111,IT,$73.90,ATM,DECLINED
C1115,25/11/2024,5732,AZ,$112.27,,APPROVED
C1157,03/06/2024,5732,US,103.81,,APPROVED
C1116,26/08/2024,5812,TR ,$134.82,,approved
C1182,2024-09-22,5999,DE,$179.52,ECOM,approved
C1006,24/10/2024,5411,AZ,$151.15, ,approved
C1065,05/05/2025,5812,DE,190647.35,ECOM,Approved 
C1066,2024-11-21,5411,GB,$-60.10,,DECLINED
C1010,2024-05-12,5541,GB,$186.78,,PENDING
C1051,2024-11-15,5812,FR,134.69,,Approved 
C1014,20/01/2025,5541,TR ,84.22, ,PENDING
C1058,2025-04-22,6011,US,93.4,POS,DECLINED
C1009,2024-07-29,4111,FR,27.96,ATM,approved
C1063,10/11/2024,5812,FR,94.82,POS,Approved 
C1197,07/01/2025,5999,IT,179.97, ,Approved 
C1173,2024-11-14,6011,US,$81.37,POS,declined
C1045,04/07/2024,6011,GB,124.7,,Approved 
C1038,24/10/2024,6011,TR ,$-62.86,ATM,DECLINED
C1033,29/04/2024,5999,AZ,153.54,MOTO,declined
C1155,2024-11-17,5411,US,$145.83,,DECLINED
C1196,14/10/2024,5411,DE,148.42,MOTO,declined
C1041,2024-08-30,5732,TR ,$139.82,,Approved 
C1127,10/11/2024,5411,FR,169.44, ,declined
C1104,24/04/2024,5411,DE,$79.33,ECOM,declined
C1011,29/08/2024,5732,GB,57.7,POS,DECLINED
C1081,2024-10-01,5411,AZ,215.53, ,APPROVED
C1156,2024-07-15,4111,FR,207.98,ATM,DECLINED
C1189,09/04/2025,5411,GB,71.9, ,Approved 
C1111,11/03/2024,5732,TR ,$137.91,,approved
C1014,05/08/2024,5411,TR ,$160.28,MOTO,APPROVED
C1035,2024-10-04,5999,US,-16.06,,declined
C1086,2025-06-12,6011,DE,129.05,ATM,Approved 
C1011,2024-12-03,5411,TR ,107.04,POS,DECLINED
C1126,2025-03-23,5999,US,$128.63,MOTO,declined
C1124,30/07/2024,5732,IT,113.12,ATM,DECLINED
C1036,01/01/2025,6011,DE,91.94,,Approved 
C1111,07/02/2024,4111,TR ,143.58,,approved
C1158,03/06/2024,5732,IT,$142.89,ECOM,Approved 
C1094,14/11/2024,5411,IT,$175.61,,APPROVED
C1070,16/05/2024,5541,TR ,$149.01,,PENDING
C1142,2024-06-03,4111,TR ,95.53,POS,PENDING
C1030,30/01/2024,5541,IT,$18.91,ATM,Approved 
C1020,22/01/2025,5812,GB,$-90.91,POS,APPROVED
C1194,10/03/2024,5732,DE,187.97,,approved
C1101,03/09/2024,5541,DE,$12.91,POS,PENDING
C1040,2024-09-20,5541,AZ,148.53,ECOM,Approved 
C1101,08/10/2024,5812,US,$45.69,ATM,DECLINED
C1157,13/01/2024,4111,AZ,189.71,POS,declined
C1004,08/04/2024,5411,US,123.35,ECOM,Approved 
C1020,01/06/2024,5999,US,171300.64,ATM,Approved 
C1000,27/04/2025,5541,TR ,-116.34,,Approved 
C1020,2025-02-25,5411,FR,$240.15,,APPROVED
C1019,2024-02-06,4111,IT,120.89,,approved
C1014,2024-05-04,4111,TR ,234.1,ECOM,declined
C1057,2024-04-15,5812,FR,73.52,,declined
C1029,2024-06-06,5812,US,$110.80,POS,PENDING
C1162,2025-05-10,6011,GB,227.9,ECOM,APPROVED
C1020,18/03/2025,5541,AZ,151.44,ATM,PENDING
C1105,2025-02-21,5999,TR ,$103.85,MOTO,PENDING
C1031,2024-06-02,5999,GB,104.02,MOTO,PENDING
C1038,23/04/2024,5812,GB,171.24,,Approved 
C1105,14/04/2024,6011,AZ,333.38,,PENDING
C1040,2024-05-15,6011,FR,138.88,POS,Approved 
C1185,09/03/2024,4111,TR ,98.86, ,declined
C1069,2025-06-07,4111,DE,$37.95,,approved
C1062,27/08/2024,5812,AZ,174.47,,declined
C1095,13/03/2025,5541,FR,90.66,ATM,PENDING
C1089,15/04/2024,5812,IT,$184.03,ECOM,DECLINED
C1101,2024-01-25,5999,US,105.2,,declined
C1147,2024-04-09,5999,IT,239.12,ATM,approved
C1026,2025-05-30,5541,GB,101.27,POS,PENDING
C1105,2024-05-20,5812,TR ,64.63,,PENDING
C1099,10/05/2024,5411,US,90.96,,APPROVED
C1148,09/06/2025,5411,GB,153.08,ECOM,PENDING
C1148,2024-07-01,4111,GB,83.1,MOTO,DECLINED
C1199,15/11/2024,4111,AZ,$96.49,ATM,declined
C1088,2024-01-29,4111,AZ,162.94,ECOM,PENDING
C1111,2024-10-19,6011,FR,135.93, ,approved
C1011,15/04/2024,5999,US,99.14, ,DECLINED
C1157,18/12/2024,5812,FR,$156.50,ATM,DECLINED
C1013,2024-10-29,5411,GB,$90.45,POS,DECLINED
C1081,19/02/2025,4111,TR ,$84.33, ,Approved 
C1199,01/03/2025,6011,IT,$109.95,MOTO,declined
C1178,2025-03-24,6011,TR ,202.22, ,Approved 
nan,2024-05-27,5999,FR,$135.93,MOTO,Approved 
C1118,30/07/2024,4111,TR ,$149.42,ATM,DECLINED
C1006,2024-05-28,4111,AZ,116.31,ATM,declined
C1019,2024-02-29,6011,DE,18.58,MOTO,PENDING
C1175,22/02/2024,5541,GB,$56.82, ,approved
C1125,11/03/2024,5812,TR ,$154.36,ATM,Approved 
C1058,2024-11-26,5541,GB,206.03,,approved
nan,10/06/2024,5999,DE,-178.08,,PENDING
C1079,05/02/2025,5812,GB,$132.34,ECOM,declined
C1018,21/11/2024,4111,GB,77.03,,PENDING
C1148,2025-02-27,4111,US,-43.59,,PENDING
C1055,2024-06-13,5812,GB,55.72,ATM,Approved 
C1011,03/03/2024,6011,IT,133.54,ECOM,PENDING
C1134,2025-02-19,5411,DE,186.34,POS,declined
C1049,22/12/2024,6011,FR,86.0,POS,declined
C1187,2025-01-27,4111,DE,79.99, ,approved
C1075,19/09/2024,5732,DE,143.27,MOTO,PENDING
C1148,2024-05-30,5812,TR ,$77.50,ATM,PENDING
C1051,22/08/2024,6011,AZ,83.77,POS,DECLINED
C1085,30/09/2024,5812,TR ,177.85,MOTO,APPROVED
C1193,24/09/2024,5812,TR ,176.35,,declined
C1101,18/08/2024,6011,DE,196.73, ,approved
C1158,2024-05-27,4111,TR ,94.02,,APPROVED
C1197,26/02/2025,4111,GB,120.08,ATM,approved
C1000,2024-03-24,5411,US,88.14,,Approved 
C1054,2024-05-08,5732,AZ,$149.83, ,APPROVED
C1115,16/03/2024,5411,IT,197.7,ATM,declined
C1078,02/05/2024,5411,AZ,200.0,,APPROVED
C1091,13/02/2024,5999,FR,$176.04,MOTO,declined
C1044,2024-10-23,5812,TR ,$168.31,MOTO,PENDING
C1015,05/06/2024,5999,AZ,200.95,,approved
C1108,2024-09-10,5999,IT,107.59, ,DECLINED
C1113,2024-12-31,5541,IT,$-159.28,POS,Approved 
C1174,2025-06-18,5411,TR ,213.06,ECOM,DECLINED
C1064,2025-01-29,6011,US,129.49,ATM,PENDING
C1157,2025-05-02,4111,IT,49.24,ECOM,PENDING
C1090,10/06/2025,5541,FR,133.87,POS,approved
C1059,2024-05-09,5732,GB,64.55, ,Approved 
C1097,14/03/2025,5411,GB,$133.29,MOTO,approved
C1148,11/02/2024,5999,US,202.97,POS,APPROVED
C1150,04/08/2024,4111,FR,188.72, ,approved
C1196,2024-02-05,5732,DE,$154.08, ,Approved 
C1040,24/08/2024,5411,IT,147.46, ,declined
C1099,2024-06-12,5541,IT,54.18,ECOM,Approved 
C1049,2025-05-16,5541,AZ,136.45,,DECLINED
C1098,2025-04-22,6011,DE,11.42,ATM,Approved 
C1032,23/03/2025,4111,GB,-144.56, ,approved
C1089,2024-09-01,5999,FR,169.08,,Approved 
C1035,31/01/2025,5732,AZ,124.22,POS,DECLINED
C1085,13/05/2024,5411,DE,119.12,ATM,DECLINED
C1093,06/08/2024,5732,TR ,196.65,MOTO,PENDING
C1094,2024-03-04,5541,TR ,133.68,POS,PENDING
C1016,11/01/2025,4111,US,223.16,MOTO,PENDING
C1095,2025-02-05,5541,AZ,157.96,,APPROVED
C1050,2025-02-22,5411,GB,$197.25,POS,approved
C1065,2025-04-21,5812,US,164.03,MOTO,approved
C1034,2024-04-15,4111,FR,109.57,,declined
C1044,2024-10-31,6011,FR,128.09,POS,approved
C1135,12/10/2024,5999,FR,174.17,,APPROVED
C1020,2024-09-08,5411,AZ,$178.13,,APPROVED
C1111,2024-02-02,5411,FR,$91.79,,declined
C1199,24/03/2025,6011,US,120.99,,approved
C1154,09/09/2024,5999,GB,$120.02,ECOM,declined
C1123,2024-12-30,4111,FR,111.34,,APPROVED
C1193,2025-04-02,5812,DE,$90.51, ,approved
C1167,2024-04-04,5732,US,198.29,ECOM,declined
C1192,19/07/2024,5411,FR,$95.30,MOTO,Approved 
C1050,25/08/2024,5812,TR ,71.75,ATM,PENDING
C1000,27/09/2024,5812,DE,$101.26,,PENDING
C1062,2024-04-09,5411,US,33.22,,DECLINED
C1190,30/05/2024,5732,FR,61.47,,DECLINED
C1036,21/03/2025,5732,TR ,134.63,,APPROVED
C1160,11/07/2024,5732,DE,$178.53,ECOM,approved
C1193,2025-05-18,5541,FR,94.46,ECOM,Approved 
nan,03/02/2024,4111,AZ,$162.44,,DECLINED
C1186,2024-11-25,5999,IT,$113.39, ,APPROVED
C1173,2024-04-05,5732,IT,$119.74,ECOM,Approved 
C1034,18/05/2024,5541,TR ,124.91,MOTO,PENDING
nan,2024-10-17,5411,FR,$94.54,,Approved 
C1142,21/01/2025,5732,TR ,179.66,ECOM,APPROVED
C1168,10/10/2024,5812,US,7.78,ECOM,approved
C1046,2024-08-01,4111,US,142.41,ECOM,approved
C1189,05/03/2025,4111,FR,186.11,,DECLINED
C1150,2024-09-27,5999,FR,-1.55,POS,approved
C1098,26/06/2024,6011,GB,$343.15,POS,APPROVED
C1080,2024-04-11,6011,GB,$223.36,,approved
C1189,2024-06-03,5999,US,85.64, ,APPROVED
C1080,10/05/2024,4111,FR,$86.33,POS,PENDING
C1137,2024-01-22,5812,FR,$117.67,MOTO,APPROVED
C1181,28/05/2024,5999,IT,221.35,ATM,DECLINED
C1015,2025-01-06,5732,AZ,$92.39,,PENDING
C1183,2024-08-17,5732,GB,37.21,ATM,approved
C1033,26/06/2024,5411,TR ,$169.67,ECOM,PENDING
C1132,31/03/2025,5812,DE,205.85,,Approved 
C1161,30/09/2024,5411,FR,95.89,,PENDING
C1020,25/11/2024,5999,GB,96.8,,Approved 
C1073,15/10/2024,5812,GB,$68.55,,declined
C1030,2025-06-19,6011,DE,106.6,ECOM,APPROVED
C1172,2024-12-08,6011,DE,115.12, ,PENDING
C1127,04/12/2024,5732,TR ,137.32,MOTO,declined
C1130,2024-10-28,5411,US,176.86, ,declined
C1101,2024-07-25,5732,AZ,-39.72,,Approved 
C1076,29/04/2024,5999,FR,136.42,MOTO,APPROVED
C1109,2025-02-01,4111,AZ,173.61,ATM,approved
C1145,2024-06-22,5999,IT,30.26,ATM,declined
C1158,27/06/2024,5732,AZ,234.06,ATM,declined
C1142,10/03/2025,5732,GB,$80.04,,APPROVED
C1145,10/11/2024,5732,FR,168.81,,declined
C1048,2024-02-25,5999,AZ,$237.47,MOTO,PENDING
C1040,24/09/2024,5812,GB,$166.12,,APPROVED
C1081,05/02/2024,6011,DE,$69.88,ECOM,Approved 
C1165,11/04/2025,4111,IT,$127.48,MOTO,Approved 
C1081,01/02/2025,5732,TR ,131.72,POS,DECLINED
C1136,29/06/2024,5732,US,$164.42,POS,APPROVED
C1002,03/07/2024,5411,FR,161.17,MOTO,PENDING
C1080,20/04/2024,5999,IT,$147.12,,APPROVED
C1112,2024-05-12,5732,GB,108.43,POS,Approved 
C1199,21/01/2025,5812,IT,121.53,MOTO,approved
C1071,11/05/2025,4111,IT,$28.69,ECOM,declined
C1083,31/03/2025,5541,GB,164.27,ECOM,DECLINED
C1176,2025-06-14,5812,AZ,115.26,,declined
C1047,2025-01-03,4111,US,137.35,,PENDING
C1138,21/05/2024,5541,IT,88.66,ECOM,Approved 
C1177,2024-07-07,5999,IT,-46.98,MOTO,DECLINED
C1198,28/02/2024,5732,DE,$138.41,,APPROVED
C1134,2024-09-02,4111,TR ,92.06,,Approved 
C1178,2024-04-07,5732,AZ,79.14, ,DECLINED
C1007,2024-03-09,5999,US,95.32,ECOM,PENDING
C1080,2024-02-16,5541,GB,$79.86,,Approved 
C1062,10/09/2024,4111,TR ,$131.75,ATM,APPROVED
C1137,2024-05-20,5812,TR ,106.29,,Approved 
C1107,08/01/2024,5812,TR ,$138.61,ATM,APPROVED
C1071,2025-03-01,4111,IT,$279.66,MOTO,DECLINED
C1007,12/03/2024,5812,DE,160.47,POS,Approved 
C1079,13/02/2025,5999,IT,133.17,ATM,PENDING
C1088,09/10/2024,5411,GB,$104.32,ATM,approved
C1079,12/04/2024,4111,FR,157.3, ,declined
C1021,19/07/2024,5732,IT,91.12,,APPROVED
C1018,2024-02-04,5411,AZ,104.01,ECOM,DECLINED
C1099,26/11/2024,5812,DE,137.04,,PENDING
C1049,11/10/2024,5732,DE,78.85,ECOM,DECLINED
C1047,2025-03-02,5411,TR ,$197.05,ATM,PENDING
C1038,20/11/2024,5541,IT,$182.81,POS,Approved 
C1131,2024-01-25,5411,DE,139.42,ATM,declined
C1114,05/01/2024,5732,GB,118.12,POS,PENDING
C1048,06/12/2024,6011,US,$145.54,,approved
C1110,07/01/2024,5732,DE,-100635.79,ECOM,approved
C1106,27/08/2024,6011,AZ,$161.13,,DECLINED
C1167,18/06/2024,5732,US,$118.94,ECOM,declined
C1118,2024-03-14,5411,AZ,151.74,,declined
C1053,05/05/2025,5999,GB,$223.11,MOTO,DECLINED
C1169,2024-10-13,4111,IT,73.97,ECOM,PENDING
C1165,14/03/2025,5812,AZ,18.57,POS,DECLINED
C1160,20/06/2024,5541,US,$124.16,,declined
C1176,2024-04-13,4111,TR ,151.24, ,APPROVED
C1019,2024-04-16,5541,AZ,-26.35,,DECLINED
C1128,13/05/2025,6011,TR ,28.05,ECOM,declined
C1100,22/06/2024,5732,AZ,$111.13,POS,APPROVED
C1049,2025-02-03,5541,AZ,101.21,,Approved 
C1030,25/08/2024,6011,DE,60.85,,PENDING
C1178,17/01/2025,5999,GB,$104.35,,APPROVED
C1054,21/02/2025,5812,FR,$153.16,,approved
C1092,2024-02-01,5732,DE,$137.48,,APPROVED
C1158,2024-08-31,6011,IT,131.45,,approved
C1126,28/02/2025,5999,DE,$105.31,,APPROVED
C1153,02/08/2024,5812,IT,70.98,ECOM,DECLINED
C1176,09/08/2024,5999,US,$66.47,MOTO,Approved 
C1006,2024-01-12,4111,US,115.59, ,approved
C1065,23/02/2025,6011,TR ,61.89,,approved
C1188,24/08/2024,5812,AZ,$80.07,,APPROVED
C1139,2024-07-30,4111,FR,135.07,,PENDING
C1188,27/09/2024,5411,FR,$1.57, ,Approved 
C1177,05/06/2025,5812,IT,102.91,ECOM,DECLINED
C1198,29/07/2024,5999,GB,$152.75,POS,APPROVED
C1092,2025-03-10,5411,US,124.38,ECOM,PENDING
C1182,29/03/2024,5999,FR,229.64,ECOM,approved
C1174,2024-07-10,5732,GB,$125.05,MOTO,DECLINED
C1006,2024-09-29,5732,AZ,$17.17,ATM,approved
C1102,2024-06-19,5541,GB,124.41,ECOM,approved
C1186,2024-04-11,5411,TR ,180.1,,DECLINED
C1097,2024-03-22,5732,US,160.08,MOTO,Approved 
C1117,2025-05-09,5999,DE,$100.74,ECOM,Approved 
C1014,2025-03-13,5541,GB,$-177.06,ECOM,approved
C1089,02/08/2024,5541,GB,154.77,ECOM,APPROVED
C1145,2024-08-18,4111,GB,$148.31, ,declined
C1042,06/02/2025,5541,FR,$9.91,,DECLINED
C1138,02/02/2025,5732,IT,149.35,ATM,APPROVED
C1026,2024-07-18,5541,FR,45.86,,approved
C1170,23/01/2025,5411,US,136.57,MOTO,Approved 
C1103,2024-08-31,5411,FR,32.46,POS,declined
C1182,2024-02-16,5812,US,$40.59,ATM,PENDING
C1080,2024-04-14,6011,FR,$53.90,ATM,PENDING
C1194,02/10/2024,5541,US,77.23,,Approved 
C1044,2024-12-09,5541,DE,230338.06,ECOM,Approved 
C1097,03/07/2024,5411,FR,-109.63,,PENDING
C1025,2024-06-11,5812,FR,$66.02,POS,declined
C1032,2024-12-10,6011,IT,110.38,,APPROVED
C1140,04/01/2024,4111,TR ,89.67,MOTO,declined
C1146,2024-05-19,5812,DE,$117.07,ECOM,PENDING
C1134,2024-06-02,5541,GB,80.25,ATM,DECLINED
C1085,15/03/2024,5999,US,117.35,MOTO,PENDING
C1161,2024-06-29,5541,TR ,30.16,,PENDING
C1130,12/04/2024,6011,US,156.51, ,PENDING
C1168,03/05/2025,5411,US,-192.95,ATM,APPROVED
C1011,07/02/2024,5999,GB,105.03,ECOM,declined
C1091,07/06/2025,5732,US,153.35,MOTO,APPROVED
C1089,2024-09-08,5732,US,50.87,,declined
C1152,13/11/2024,5732,US,251.8,ECOM,approved
C1065,01/08/2024,5541,DE,$190.63,,declined
C1015,2024-09-01,5541,US,$226.63,MOTO,PENDING
C1129,2024-08-24,5812,US,$128.82,MOTO,PENDING
C1059,06/11/2024,5411,FR,117.91, ,Approved 
C1046,2025-01-01,5812,TR ,$167.58, ,PENDING
C1143,05/02/2025,6011,US,121.97,,PENDING
C1102,2024-07-12,6011,GB,52.39,ECOM,Approved 
C1185,03/01/2025,5411,DE,$147.56,MOTO,PENDING
C1183,15/03/2024,4111,DE,110.78, ,approved
C1095,16/04/2025,4111,US,$141.38,ATM,PENDING
C1009,19/07/2024,4111,AZ,$119.38,ECOM,PENDING
C1151,14/06/2024,5812,US,218.66,,APPROVED
C1033,08/06/2025,5732,IT,$57.59,POS,Approved 
C1189,18/05/2024,5411,DE,66.34,MOTO,declined
C1174,2025-04-11,5541,FR,-209.3,,PENDING
C1053,15/04/2025,5732,GB,$108.72, ,APPROVED
C1021,20/08/2024,6011,FR,149.44,ECOM,PENDING
C1059,16/06/2025,5732,US,$59.04,ECOM,approved
C1052,2024-08-23,5411,AZ,$168.23,,APPROVED
C1141,31/08/2024,5999,DE,$71.32, ,Approved 
C1100,20/04/2024,5411,AZ,-50.05,ATM,approved
C1153,2024-10-24,5541,US,$217.29,POS,Approved 
C1050,2025-03-29,5732,DE,$123.17,ECOM,approved
C1183,2024-11-24,5411,TR ,140.15,ATM,approved
C1161,14/07/2024,5999,DE,197.56,MOTO,APPROVED
C1043,10/06/2025,5999,AZ,141.06,,declined
C1084,2024-10-14,4111,IT,$137.95,,PENDING
C1078,17/04/2025,5999,GB,$210.07, ,Approved 
C1057,2024-10-01,5411,FR,$165.72,MOTO,DECLINED
C1101,2024-01-11,5732,DE,175.06,ATM,declined
C1150,2025-04-27,4111,AZ,$268.38,ATM,PENDING
C1042,2024-04-02,5812,DE,234.86,ECOM,approved
C1042,28/02/2024,4111,AZ,66.09,,DECLINED
C1149,2024-02-27,6011,AZ,$64.61, ,PENDING
C1044,2025-05-16,5999,DE,$122.71, ,DECLINED
C1172,07/02/2024,5541,DE,161.41, ,Approved 
C1046,09/04/2025,5411,TR ,125.5,ATM,Approved 
C1199,24/12/2024,5732,DE,98.22,ATM,approved
C1190,2024-08-31,4111,US,199.65,,Approved 
C1129,20/04/2025,5411,US,120.14,MOTO,APPROVED
C1139,09/03/2024,5411,DE,195.53, ,DECLINED
C1157,2025-05-25,6011,FR,167.39,ATM,approved
C1199,2024-08-15,5812,FR,31.11, ,APPROVED
C1122,21/09/2024,4111,US,40.65,,approved
C1008,2025-06-10,5999,AZ,92.71,,DECLINED
C1062,26/04/2024,5999,IT,$65.71,MOTO,DECLINED
C1131,2025-01-06,5999,TR ,$181.25,,DECLINED
C1165,2025-02-06,4111,FR,88.42, ,APPROVED
C1110,02/02/2024,5812,TR ,136.72,ATM,Approved 
C1052,24/01/2024,5541,AZ,$141.41,ECOM,APPROVED
C1051,2024-05-01,5411,DE,93.76, ,DECLINED
C1158,2024-10-12,5732,GB,41.76,POS,declined
C1167,05/05/2025,5812,DE,33.83,POS,declined
C1172,16/06/2024,6011,GB,61.51,ECOM,APPROVED
C1123,17/04/2025,5541,GB,24.12,ATM,approved
C1194,2024-10-18,6011,US,68.17,MOTO,APPROVED
C1128,14/08/2024,5812,DE,102.44,ECOM,Approved 
C1058,07/07/2024,5732,TR ,$139.67,ATM,DECLINED
C1114,2025-02-24,5411,GB,$128.69,,Approved 
C1075,22/01/2024,4111,DE,$-151.89,MOTO,approved
C1157,2024-05-14,5732,AZ,135.56,ATM,declined
C1183,12/04/2025,5732,TR ,149.91,POS,DECLINED
C1187,2025-04-17,5999,AZ,$264.69,ATM,APPROVED
C1072,15/04/2025,6011,AZ,$124.65,,DECLINED
C1032,2025-05-25,5411,US,$117.82,ATM,APPROVED
C1006,22/06/2024,5812,GB,13.99,POS,DECLINED
C1133,2024-08-30,6011,IT,$189.94,ECOM,approved
C1027,2025-05-06,5541,IT,129.38, ,declined
C1009,2025-03-11,5812,IT,$178.05,ECOM,PENDING
C1003,14/03/2025,5812,FR,69.69,MOTO,PENDING
C1163,05/09/2024,6011,TR ,31.98,POS,PENDING
C1112,2024-12-02,4111,DE,81.88,,DECLINED
C1121,2024-06-16,5732,US,64.83,ATM,APPROVED
C1155,05/03/2025,5411,DE,92.16,,declined
C1078,2024-06-25,5999,US,118.96,ATM,DECLINED
C1114,28/04/2024,5541,IT,$127.99,ATM,DECLINED
C1020,23/01/2025,5999,DE,147.49,,DECLINED
C1009,2024-02-16,4111,FR,-77.63, ,APPROVED
C1051,22/10/2024,6011,FR,$112.03,MOTO,declined
C1187,2024-03-02,5999,US,$171.98,ECOM,declined
C1133,2025-03-06,6011,GB,170.96,,approved
C1169,2024-08-20,5732,TR ,$244.83,ATM,PENDING
C1164,09/02/2025,5732,TR ,81.64,MOTO,Approved 
C1016,2025-06-20,5999,DE,36.42,MOTO,PENDING
C1086,12/04/2024,5541,FR,77.0,POS,DECLINED
C1126,05/06/2024,5732,IT,108.33,ECOM,Approved 
C1068,10/09/2024,5541,GB,112.94,ATM,APPROVED
C1018,12/08/2024,6011,TR ,74.1,,approved
C1057,17/01/2024,6011,US,13.73,,PENDING
C1184,2024-07-31,6011,AZ,$220.79,MOTO,Approved 
C1068,2025-01-28,5999,TR ,$119.18, ,approved
C1176,25/07/2024,5411,TR ,70.2,POS,Approved 
C1121,2025-02-09,5411,GB,72.1, ,Approved 
C1110,14/05/2024,5541,DE,165.69,,PENDING
C1025,03/11/2024,5411,AZ,$94.02, ,PENDING
C1170,21/04/2025,5411,TR ,136.83,ATM,DECLINED
C1023,21/12/2024,5732,DE,152.66, ,declined
C1054,2024-11-24,6011,GB,60.63,ECOM,declined
C1181,2024-08-24,5732,DE,98.44,MOTO,PENDING
C1142,07/02/2024,5541,FR,$196.76,MOTO,Approved 
C1121,22/03/2025,5812,IT,133.17,,PENDING
C1101,2025-03-28,5541,AZ,293.27, ,APPROVED
C1121,22/08/2024,5999,DE,$140.52, ,APPROVED
C1027,2024-06-17,6011,FR,198.98,POS,Approved 
C1178,06/06/2025,5541,IT,213.26,,PENDING
C1076,2025-02-24,5999,TR ,$170.71,ATM,DECLINED
C1166,2024-02-28,6011,AZ,$230.32,,Approved 
C1095,2024-07-31,5999,IT,98.24,MOTO,PENDING
C1112,2025-03-14,5812,US,69.97,,approved
C1194,2025-02-01,5732,DE,$159.09,,PENDING
C1169,2024-10-05,5541,IT,136.9,POS,APPROVED
C1168,26/10/2024,5999,GB,$113.66,,declined
C1175,2024-07-13,4111,DE,$50.20,MOTO,declined
C1131,2025-01-25,6011,GB,$102.67, ,declined
C1008,2025-05-19,5411,GB,$165.72,POS,APPROVED
C1027,2024-09-07,6011,DE,185.74,,approved
C1042,23/11/2024,5999,IT,$175.72,ATM,PENDING
C1164,2024-10-27,6011,DE,221.8,,declined
C1034,02/07/2024,5732,GB,$-106.17,POS,DECLINED
C1115,04/05/2024,5411,DE,$150.18, ,PENDING
C1055,27/03/2025,5999,FR,143.45,POS,Approved 
C1111,20/03/2024,6011,AZ,$150.72,POS,approved
C1118,17/12/2024,5999,GB,$186.85,ATM,declined
C1047,18/04/2024,5541,AZ,184.08, ,PENDING
C1043,2024-02-08,5999,US,120.4,MOTO,declined
C1006,22/01/2024,5732,GB,28.04,ATM,Approved 
C1051,2024-05-28,6011,GB,109.6,,approved
C1029,2024-05-06,5732,GB,$46.69,,approved
C1107,10/03/2024,5732,AZ,213.46,,APPROVED
C1102,21/03/2025,5541,DE,108.63, ,approved
C1025,12/01/2025,5999,TR ,31.84,MOTO,PENDING
C1058,04/08/2024,5999,GB,237.95,,APPROVED
C1151,09/02/2025,4111,US,216.0,POS,DECLINED
C1166,23/05/2025,5732,FR,143.52,,DECLINED
C1179,2025-06-13,6011,US,-65.47,,declined
C1109,05/04/2025,5411,AZ,100.05,,Approved 
C1010,02/06/2025,5411,US,39.17, ,PENDING
C1057,2025-03-29,6011,IT,142.52,ECOM,Approved 
C1097,10/04/2025,4111,TR ,108.37,,PENDING
C1166,2025-05-05,5812,GB,109.78,,approved
C1139,2024-08-22,4111,AZ,160.45,POS,APPROVED
C1033,22/12/2024,4111,FR,$112.66,POS,Approved 
C1088,2024-04-04,5732,DE,$77.42,,declined
C1072,2025-03-07,6011,IT,$59.31, ,Approved 
C1062,28/02/2025,6011,IT,$150.30,ECOM,approved
C1163,30/05/2024,5999,IT,157.13,,approved
C1085,2024-09-10,6011,TR ,173.88,ECOM,Approved 
C1127,2024-10-30,5999,US,95.6,,approved
C1198,2025-01-12,5812,IT,68.02,,DECLINED
C1160,2024-08-16,5541,GB,$101.63,,Approved 
C1076,09/03/2024,5732,FR,53.76,ECOM,Approved 
C1120,2024-01-18,5812,DE,150.85,,DECLINED
C1168,2024-03-11,5411,DE,$35.58, ,PENDING
C1126,2024-02-05,6011,US,142.1,ECOM,Approved 
C1004,03/06/2024,5732,TR ,66.12,ATM,approved
C1142,2024-05-15,5732,TR ,77.73,ATM,PENDING
C1126,2024-05-26,5541,TR ,$143.00,ATM,DECLINED
C1059,2024-12-02,5812,GB,51.53,ATM,approved
C1009,25/09/2024,4111,FR,198.13,POS,approved
C1059,2025-04-01,5732,AZ,100.71,,approved
C1156,05/02/2025,5812,US,$68.92,,Approved 
C1048,10/04/2025,5732,FR,$212.73,POS,APPROVED
C1068,2024-11-19,5732,FR,$75.95,ATM,declined
C1145,01/01/2024,5999,GB,$62.74,MOTO,approved
C1078,2024-12-05,5411,IT,$94.38,,APPROVED
C1118,2024-09-03,4111,FR,$145.03,ECOM,APPROVED
C1140,2024-02-01,5541,FR,115.75, ,declined
C1084,10/09/2024,5411,GB,143.74,ATM,approved
C1162,2024-05-04,5999,TR ,$33.22,ATM,APPROVED
C1027,2025-06-23,5732,AZ,$119.30,POS,Approved 
C1171,30/11/2024,5411,US,83388.06,POS,APPROVED
C1143,17/03/2024,5411,IT,$26.60,ATM,APPROVED
C1004,2024-05-02,5999,TR ,199.35, ,approved
C1157,2024-02-27,5999,AZ,$154.64,POS,approved
C1088,2024-04-10,5732,AZ,$71.94,,Approved 
C1105,22/01/2025,5541,IT,$207.27,ATM,APPROVED
C1116,2024-01-29,5411,DE,95.84,MOTO,PENDING
C1035,2025-03-06,5732,TR ,$135.16,,Approved 
C1069,27/07/2024,5812,AZ,46.76,MOTO,PENDING
C1092,06/05/2025,5411,US,80.67, ,Approved 
C1129,03/03/2025,5411,FR,$27.99,,approved
C1110,2024-09-03,5732,IT,$123.27,ATM,APPROVED
C1001,17/09/2024,5999,DE,2.48,,PENDING
C1025,17/03/2024,6011,FR,$88.29,POS,APPROVED
C1022,01/06/2025,5541,US,$306.04,,PENDING
C1197,2024-03-02,5732,DE,$87.53,,approved
C1094,2024-12-25,5732,US,71.6,,PENDING
C1068,07/04/2024,5541,GB,$73.62,ECOM,approved
C1024,23/11/2024,5812,GB,171.65,MOTO,approved
C1162,28/10/2024,4111,FR,186.84,,APPROVED
C1071,2025-04-17,5812,TR ,63.96,ECOM,PENDING
C1075,20/05/2025,5541,IT,134.0,MOTO,PENDING
C1014,2025-06-15,5411,DE,$243.53,MOTO,APPROVED
C1161,2024-06-29,5541,TR ,30.16,,PENDING
C1097,20/05/2025,6011,US,$123.81,ECOM,Approved 
C1149,2025-06-01,5999,GB,156.31,MOTO,DECLINED
C1122,02/06/2024,5541,AZ,119.32,,approved
C1080,2024-09-25,5411,DE,75.48,MOTO,APPROVED
C1190,2024-08-06,5732,DE,$44.86,,DECLINED
C1174,26/05/2025,5732,DE,27.16,,declined
C1158,21/10/2024,5999,TR ,152.22,ECOM,declined
C1079,2024-02-20,4111,GB,37.23, ,DECLINED
C1057,05/06/2024,5999,IT,82.09,ATM,Approved 
C1065,01/05/2025,6011,FR,$-175.11,MOTO,Approved 
C1142,2025-02-04,5999,TR ,"$50,447.04",ATM,declined
C1159,2024-04-09,4111,AZ,-56.88,ATM,APPROVED
C1167,14/07/2024,5541,US,$52.35,,PENDING
C1126,2025-01-09,5732,FR,158233.75,,PENDING
C1073,2024-08-01,5999,TR ,$144.21,ECOM,PENDING
C1168,2025-05-20,5732,IT,224.97,,Approved 
C1049,2025-05-16,6011,FR,183.65,ECOM,APPROVED
C1019,2025-01-20,5812,DE,138.87,,declined
C1116,05/04/2024,5732,TR ,-71.2,,DECLINED
C1179,13/10/2024,6011,US,$95.27,POS,DECLINED
C1028,2024-11-11,4111,TR ,$133.20,MOTO,APPROVED
C1151,2024-03-26,5732,US,$39.42,ECOM,Approved 
C1198,23/01/2024,4111,US,183.89,ECOM,Approved 
C1015,2024-08-09,5732,TR ,$145.94,POS,APPROVED
C1059,31/05/2024,5999,AZ,41.88,,declined
C1011,13/06/2025,6011,US,$149.30,ECOM,Approved 
C1007,18/12/2024,5812,DE,$145.37,POS,APPROVED
C1197,24/01/2025,4111,FR,$61.97,ECOM,APPROVED
C1029,2024-04-27,5812,DE,150.4, ,Approved 
C1171,05/06/2024,5812,AZ,$90.54,POS,APPROVED
C1183,2024-08-29,6011,IT,"$59,396.45",MOTO,PENDING
C1011,2025-01-18,5999,IT,69.95,ECOM,APPROVED
C1075,2024-03-03,5812,IT,"$105,300.46",POS,DECLINED
C1197,08/01/2025,6011,GB,131.25,,PENDING
C1114,2024-03-13,5812,TR ,20.72, ,DECLINED
C1017,2024-09-09,5999,DE,104.16,MOTO,approved
C1152,04/05/2025,5812,FR,183.55,,PENDING
C1101,20/04/2025,5812,TR ,$80.37,,approved
C1157,21/12/2024,5411,IT,149.28, ,DECLINED
C1105,01/09/2024,5812,US,175.29,ECOM,PENDING
C1135,2024-01-20,6011,GB,$218.70,ATM,DECLINED
C1043,2024-03-05,6011,FR,179.81,ECOM,APPROVED
C1048,2024-02-15,5411,FR,$91.19, ,approved
C1024,20/03/2025,5732,TR ,$22.93,MOTO,PENDING
C1078,15/03/2024,5411,AZ,134.85,MOTO,declined
C1102,17/09/2024,6011,AZ,$186.69,ATM,approved
C1173,2024-05-01,6011,US,$118.28,POS,Approved 
C1071,14/03/2024,5732,TR ,69.45,POS,declined
C1001,2024-01-09,4111,AZ,$100.69,ECOM,Approved 
C1143,2024-04-24,5999,AZ,76.02,ATM,DECLINED
C1056,2024-06-08,5732,IT,119.35,,PENDING
C1197,2025-02-21,5541,FR,$45.21,,DECLINED
C1083,30/05/2024,6011,GB,200.17,ECOM,APPROVED
C1183,2025-01-05,5732,US,77.59,,PENDING
C1163,2024-05-01,5411,IT,162.69,MOTO,DECLINED
C1179,13/08/2024,5812,FR,$153.93,,Approved 
C1067,2025-03-22,5541,US,124.75,,DECLINED
C1011,2024-04-29,5732,FR,$147.26, ,DECLINED
C1024,07/05/2024,5732,AZ,30.77, ,PENDING
C1023,2024-04-07,5411,IT,13.01,,PENDING
C1079,2024-12-08,5999,TR ,127.2,POS,PENDING
C1057,2024-05-04,4111,TR ,$177.25,ATM,PENDING
C1001,19/08/2024,5812,US,198.12,ATM,APPROVED
C1064,2025-01-24,6011,DE,165.32,POS,DECLINED
C1167,2025-03-14,4111,TR ,122.06,MOTO,approved
C1109,2024-07-18,4111,FR,132.22,,APPROVED
C1199,28/05/2024,5411,US,39.31,MOTO,declined
C1176,2025-04-11,5732,GB,145.13,POS,Approved 
C1165,2025-03-12,5411,IT,71.76,MOTO,declined
C1116,2025-04-03,5411,FR,$98.15, ,declined
C1080,04/10/2024,5999,TR ,$37.81, ,DECLINED
C1169,13/11/2024,5812,FR,139.31,POS,declined
C1074,04/06/2025,5999,TR ,58.89,,declined
C1134,2024-10-24,6011,FR,151.77,,approved
C1015,2024-10-16,5999,AZ,$125.47,POS,declined
C1185,2024-05-20,6011,DE,$140.58,MOTO,declined
C1048,2024-01-08,5732,FR,57.13,MOTO,approved
C1005,2025-04-01,5732,GB,136.4,ECOM,Approved 
C1156,2024-12-12,5541,GB,$5.00,ATM,Approved 
C1003,23/07/2024,4111,AZ,92.63, ,declined
C1057,06/02/2025,5411,GB,$62.58,,PENDING
C1124,12/04/2024,5999,IT,$90.81,,Approved 
C1125,08/07/2024,5732,TR ,$108.65,ECOM,approved
C1037,2025-03-02,5541,DE,$82.95,,APPROVED
C1114,22/12/2024,5999,TR ,95.55,ATM,APPROVED
C1081,2025-03-29,5411,IT,112.44,,DECLINED
C1123,2025-01-05,4111,GB,75.94, ,approved
C1152,26/06/2024,5812,AZ,84.0,POS,APPROVED
C1022,2024-04-05,4111,AZ,$17.73,POS,declined
C1009,2024-09-28,5999,DE,$-99.47,ATM,declined
C1154,31/01/2025,5732,FR,60.79,MOTO,Approved 
C1051,2025-05-16,5541,FR,$54.81, ,Approved 
C1083,10/02/2024,6011,AZ,119.45,POS,DECLINED
C1111,04/03/2025,5732,AZ,$75.23,,PENDING
C1113,2025-01-15,5999,US,$186.27,MOTO,APPROVED
C1180,03/11/2024,5999,GB,106.62,MOTO,declined
C1180,2024-07-29,5411,DE,121.41,,declined
C1125,2024-11-17,5812,GB,22.6,,PENDING
C1149,01/06/2024,5812,IT,$196.57,ATM,PENDING
C1139,2024-01-03,5411,US,65.85,MOTO,APPROVED
C1170,2025-03-03,5812,GB,$78.36,,approved
C1040,13/05/2024,6011,IT,118.42,,DECLINED
C1156,2024-05-11,5411,AZ,$107.83,POS,APPROVED
C1001,2024-03-06,5999,GB,97.93,ATM,declined
C1128,2025-02-05,4111,AZ,49.86,ATM,Approved 
C1059,16/05/2025,6011,FR,$168.71,ATM,declined
C1070,2025-05-21,5732,FR,$-99.95,MOTO,approved
C1183,2025-03-17,5999,FR,196.1,ECOM,declined
C1059,2024-12-02,5812,GB,51.53,ATM,approved
C1027,24/05/2024,4111,US,$124.88, ,PENDING
C1110,2025-03-24,4111,GB,195.73,ECOM,APPROVED
C1084,04/03/2024,4111,AZ,190.17,,APPROVED
C1040,2024-10-07,6011,GB,115.32,MOTO,DECLINED
C1009,31/08/2024,5812,GB,40.52,,APPROVED
C1085,2024-10-17,5411,DE,75.33,ATM,approved
C1127,10/10/2024,6011,AZ,23.23,MOTO,declined
C1130,2024-01-10,5732,IT,223.47,MOTO,declined
C1019,23/01/2024,4111,GB,216646.88,POS,declined
C1028,11/05/2025,5812,IT,87.02,,DECLINED
C1080,05/11/2024,5411,DE,174.92, ,APPROVED
C1198,2025-04-05,6011,IT,128.55,ECOM,PENDING
C1078,01/04/2025,5732,US,71.96,POS,PENDING
C1040,24/02/2024,5812,FR,$96.88,ECOM,approved
C1139,13/04/2025,5541,DE,94.46, ,approved
C1160,01/09/2024,6011,FR,128.88, ,APPROVED
C1115,21/07/2024,5541,GB,104.93,MOTO,DECLINED
C1088,2024-03-29,6011,AZ,$186.71,POS,declined
C1030,01/06/2025,4111,IT,239.8,ATM,declined
C1191,16/02/2025,5411,US,-137.37,,approved
C1064,2024-09-28,5411,GB,78.51,POS,declined
C1085,20/07/2024,6011,FR,118.11,MOTO,declined
C1126,29/04/2024,5541,GB,37.19,ATM,Approved 
C1045,26/10/2024,4111,GB,82.58,MOTO,PENDING
C1138,2024-08-13,5411,AZ,197.15,,DECLINED
C1017,2024-03-10,5999,GB,86.69, ,APPROVED
C1055,2024-04-08,5541,FR,190.07,MOTO,PENDING
C1061,2024-08-31,5812,AZ,135.24,,APPROVED
C1010,12/05/2024,5812,GB,-116.08,POS,Approved 
C1071,2024-07-24,5999,US,$117.12,,DECLINED
nan,17/08/2024,5812,FR,-9.46,,Approved 
C1100,15/06/2024,6011,US,$76.48,ECOM,declined
C1158,2024-04-19,5411,DE,$157.35,,APPROVED
C1030,2024-09-26,4111,IT,-73.48,,PENDING
C1094,03/03/2024,5812,FR,$152.33, ,DECLINED
C1001,2024-07-01,5732,US,$152.91, ,DECLINED
C1088,13/10/2024,5999,US,175.89,,approved
C1120,2024-12-04,5732,FR,$81.53,POS,PENDING
C1161,2024-05-03,5732,US,64.26, ,DECLINED
C1086,2025-01-17,5812,FR,$192.37,POS,approved
C1048,2024-03-03,5999,AZ,138.28,POS,approved
C1044,2024-06-28,5541,TR ,99.21, ,declined
C1069,07/05/2024,6011,TR ,$161.70, ,Approved 
C1057,28/11/2024,5541,US,$97.41,MOTO,DECLINED
C1001,2024-01-25,6011,IT,236.91,POS,declined
C1007,2024-09-22,5812,DE,230.79,ATM,declined
C1192,2024-04-15,5732,US,$169.44, ,PENDING
C1051,2024-02-16,6011,IT,$138.41,ATM,DECLINED
C1185,05/12/2024,5732,TR ,-7.05,,APPROVED
C1041,06/09/2024,5732,DE,$208.77,MOTO,APPROVED
C1085,21/05/2025,4111,FR,163.1, ,Approved 
C1067,01/07/2024,5999,GB,$71.42,MOTO,PENDING
C1076,05/03/2024,5812,IT,98.04, ,declined
C1018,2024-02-23,6011,AZ,80.3,ECOM,PENDING
C1150,2024-12-25,4111,FR,131.49, ,DECLINED
C1199,2024-07-06,5999,AZ,$100.09,ECOM,declined
C1009,22/01/2024,6011,AZ,138.19,ECOM,APPROVED
C1143,2024-03-28,5812,IT,159.92,ATM,APPROVED
C1154,21/02/2025,5999,FR,$124.54,MOTO,DECLINED
C1015,22/06/2024,6011,IT,55.14,,approved
C1025,2024-05-03,5812,TR ,166.93,,APPROVED
C1071,01/03/2024,5541,FR,98.17,MOTO,declined
C1115,24/02/2025,4111,GB,104.88,ATM,approved
C1021,12/01/2024,5812,GB,90.55,POS,declined
C1110,2025-04-25,5812,DE,147.29,,declined
C1193,27/03/2025,5732,US,$97.37,MOTO,PENDING
C1136,20/07/2024,5812,DE,$187.41,POS,approved
C1025,05/07/2024,5541,IT,$215.48,MOTO,Approved 
C1187,2025-04-23,4111,DE,$-17.17,MOTO,APPROVED
C1046,02/02/2024,4111,AZ,173.79, ,declined
C1075,30/11/2024,6011,DE,41.6, ,DECLINED
C1161,2024-06-23,5812,IT,75.08,ATM,APPROVED
C1067,2025-05-07,5411,FR,196.58,ATM,approved
C1063,2025-02-02,4111,DE,136.28,MOTO,approved
C1146,2024-10-08,5812,US,97.64,ATM,DECLINED
C1013,25/09/2024,5541,US,$172.47,,declined
C1082,07/12/2024,5732,GB,219.8,ATM,DECLINED
C1056,15/05/2024,5732,TR ,$145.04,,PENDING
C1103,01/08/2024,5812,DE,$211.29, ,DECLINED
C1105,2024-10-15,5732,FR,113.39,,APPROVED
C1185,06/07/2024,5411,TR ,83.18,ECOM,PENDING
C1030,2024-01-23,5999,GB,78.63,,DECLINED
C1153,2024-04-28,5812,DE,$-202.83,MOTO,Approved 
C1066,27/08/2024,5732,TR ,$65.82,,DECLINED
C1056,2024-04-24,5999,GB,98.58,MOTO,PENDING
C1189,2025-01-20,5541,AZ,"$172,001.18",,DECLINED
C1043,2024-04-02,6011,AZ,16.85,,APPROVED
C1172,2025-01-11,5541,TR ,112.06,ATM,Approved 
C1072,17/06/2024,5812,TR ,51.31,,declined
C1039,2024-04-10,6011,AZ,$142.27,ECOM,APPROVED
C1174,22/01/2024,4111,US,241.57,,Approved 
C1106,12/03/2024,4111,US,$145.69,,PENDING
C1167,03/03/2024,5999,AZ,$198.25, ,DECLINED
C1137,2024-03-05,5732,DE,93.98,ECOM,approved
C1029,23/01/2025,5541,DE,116.44, ,APPROVED
C1155,2025-02-22,5732,GB,"$164,233.47",POS,Approved 
nan,2025-02-26,5732,US,175.1, ,Approved 
C1016,07/06/2025,5732,FR,64.66,POS,PENDING
C1089,03/04/2025,5411,FR,57.94,ATM,Approved 
C1047,2024-09-29,4111,GB,$128.85,MOTO,approved
C1010,2024-12-21,5411,AZ,114950.42,ECOM,PENDING
C1190,07/08/2024,6011,FR,$68.82,ATM,approved
C1080,30/11/2024,5411,GB,110.93, ,APPROVED
C1170,30/10/2024,5999,DE,$94.57,,approved
C1087,07/02/2025,5541,US,151.5,ATM,PENDING
C1022,2025-06-11,5411,TR ,289.55,ECOM,declined
C1012,31/07/2024,5411,GB,$198.47,POS,Approved 
C1067,16/02/2025,5812,DE,76.54,,Approved 
C1125,2025-05-18,5999,IT,116.23,,declined
nan,14/10/2024,4111,AZ,92.48,,Approved 
C1092,19/10/2024,5411,TR ,$135.39, ,approved
C1158,2025-06-22,5999,IT,92.84,,PENDING
C1138,15/07/2024,4111,FR,81.76,,declined
C1093,2024-07-29,5812,AZ,163.81, ,declined
C1113,2024-01-15,5541,DE,135.47,MOTO,APPROVED
C1144,05/10/2024,5541,FR,139.8,,Approved 
C1157,2024-08-22,5812,TR ,$171.95,ECOM,Approved 
C1022,2025-02-04,5541,IT,44.4,,APPROVED
C1159,2025-03-02,4111,FR,98.71,POS,approved
C1062,15/10/2024,6011,FR,$146.99,MOTO,PENDING
C1116,2025-06-23,5732,GB,90.43,MOTO,Approved 
C1126,23/02/2025,4111,IT,$73.01,,DECLINED
C1059,16/04/2024,5411,TR ,122.76,,declined
C1057,14/08/2024,4111,AZ,$128.92,POS,DECLINED
C1135,13/01/2024,5999,GB,145.17,ATM,declined
C1036,2024-02-19,5812,DE,100.18,POS,PENDING
C1113,07/09/2024,4111,IT,$101.30,,Approved 
C1032,2024-09-14,6011,IT,196.18,MOTO,APPROVED
C1035,09/08/2024,5411,AZ,$8.57,ATM,PENDING
C1053,20/01/2024,5411,FR,$-95.10,MOTO,PENDING
C1118,2025-04-16,5411,IT,$110.07,MOTO,declined
C1059,03/01/2025,5812,TR ,$-31.89,ECOM,PENDING
C1125,2024-09-03,5732,DE,$154.53,ATM,declined
nan,23/03/2025,5999,US,144.79, ,declined
C1053,05/06/2025,5411,IT,86.14, ,Approved 
C1086,08/05/2024,5541,US,$141.10,,PENDING
C1171,2024-05-22,6011,GB,238.76,,Approved 
C1195,28/08/2024,5999,AZ,17.78,POS,PENDING
C1167,2025-06-02,5411,TR ,99.28,,Approved 
C1072,02/05/2025,5541,DE,$217.38,,Approved 
C1008,05/04/2025,5732,US,127.85,MOTO,DECLINED
C1068,2024-05-04,4111,AZ,$104.44,POS,DECLINED
C1192,2024-07-28,6011,TR ,154.76, ,declined
C1182,06/05/2025,6011,GB,98.13,,PENDING
C1070,18/04/2024,5999,AZ,-158.22, ,approved
C1181,14/05/2025,5541,TR ,$195.32,POS,PENDING
C1126,2024-12-30,5411,IT,96.96,ATM,DECLINED
C1188,17/03/2024,5411,DE,176.24,ATM,PENDING
C1014,14/11/2024,5812,FR,$194.01,ECOM,declined
C1179,31/01/2025,4111,US,$178.90,,PENDING
C1138,2024-05-17,5411,TR ,$168.46,ECOM,Approved 
nan,21/02/2025,5732,FR,133.63,MOTO,declined
C1096,2025-03-04,5411,FR,$-43.73,POS,declined
C1079,14/01/2024,5541,IT,103.93,,DECLINED
C1081,16/03/2025,6011,FR,220.75,POS,Approved 
C1177,21/09/2024,6011,IT,169.58,,declined
C1000,30/09/2024,6011,AZ,-115.91,ATM,Approved 
nan,2025-05-13,5999,IT,$68.76, ,DECLINED
C1137,2025-06-06,4111,US,19.52,MOTO,Approved 
C1148,2024-10-06,4111,GB,175.81,ATM,declined
C1091,20/04/2024,5999,IT,$134.25,,DECLINED
C1174,25/01/2025,4111,AZ,$117.82,ECOM,DECLINED
C1168,31/10/2024,5541,FR,104.27,ATM,declined
C1016,2025-06-01,5732,IT,$122.19,MOTO,declined
C1175,24/11/2024,5812,GB,$167.17, ,DECLINED
C1148,30/12/2024,5999,AZ,138.0,POS,DECLINED
C1067,2024-09-06,5812,DE,104.99,MOTO,PENDING
C1160,07/12/2024,5541,GB,26.44,,Approved 
C1124,2025-04-03,4111,DE,$109.78,POS,PENDING
nan,2025-05-06,5732,US,$189.61,MOTO,declined
nan,27/02/2025,5411,US,147.12,MOTO,approved
C1180,21/09/2024,5812,TR ,$48.42,ECOM,APPROVED
C1159,08/02/2025,5732,IT,159.69,MOTO,Approved 
C1098,2024-10-02,5541,FR,$210.04,,declined
C1184,2024-09-12,5999,IT,$168.78,,declined
C1017,21/01/2024,5541,FR,76.8,ECOM,approved
C1106,2024-12-11,4111,GB,$151.43,POS,DECLINED
C1164,2025-01-23,5411,AZ,144.83,,approved
C1072,27/08/2024,6011,IT,$178.43,ECOM,DECLINED
C1128,02/11/2024,5541,GB,172.03, ,APPROVED
C1174,2024-07-21,5999,TR ,$60.95, ,PENDING
C1114,08/12/2024,5732,AZ,99.08,ATM,APPROVED
C1139,2025-06-13,6011,US,121.81,MOTO,approved
C1139,2025-02-01,6011,GB,27.27, ,approved
C1005,20/04/2025,4111,US,131.3,ATM,DECLINED
C1059,04/02/2024,5999,DE,89.3,ATM,PENDING
C1138,2025-02-18,5411,DE,69.39,MOTO,DECLINED
C1086,2024-01-25,5411,US,$102.38, ,approved
C1096,2024-12-06,6011,GB,$111.16,POS,Approved 
C1103,2025-01-02,5732,US,$120.01,ATM,approved
C1060,14/05/2024,6011,TR ,-118.76,ATM,PENDING
C1022,15/04/2024,5732,DE,$151.24,MOTO,declined
C1087,06/06/2024,5411,TR ,-68.84,ATM,DECLINED
C1163,14/05/2025,5812,DE,243.18,,declined
C1169,17/06/2025,5411,AZ,$162.59,MOTO,Approved 
C1062,2024-01-07,6011,GB,$-64.73,POS,APPROVED
C1127,2024-11-01,5812,FR,130.27,MOTO,APPROVED
C1072,29/04/2024,5999,DE,$86.60,,Approved 
C1184,18/05/2025,5812,FR,179.3,,Approved 
C1087,2024-01-28,4111,IT,"$-164,649.04",ECOM,APPROVED
C1158,20/06/2024,4111,IT,109.21,,APPROVED
C1014,21/09/2024,5732,AZ,87.87,POS,DECLINED
C1142,13/02/2024,5541,IT,$243.85,,APPROVED
C1151,25/03/2024,5411,AZ,263.75,ECOM,DECLINED
C1030,03/08/2024,4111,AZ,179.85,ECOM,approved
C1075,26/03/2024,6011,DE,82.31,ATM,PENDING
C1186,2025-02-26,5999,GB,$100.46, ,PENDING
C1181,2024-02-05,5999,TR ,73.34,POS,DECLINED
C1149,17/05/2024,5541,TR ,200.66,,approved
C1091,11/10/2024,5541,AZ,$179.49,MOTO,approved
C1087,2024-05-01,5999,GB,$94.74,MOTO,Approved 
C1111,19/03/2024,4111,IT,72.96,ATM,PENDING
C1028,2025-01-10,6011,FR,$48.17,POS,PENDING
C1129,2024-06-21,5999,US,$34.99,,APPROVED
C1043,2024-01-26,5732,IT,218.26,,Approved 
C1056,24/05/2025,4111,IT,$115.39,,PENDING
C1181,12/06/2024,4111,FR,233.36,MOTO,approved
C1149,2024-06-24,5812,IT,$175.89,,approved
C1121,2024-04-01,5999,DE,$123.16,ECOM,approved
C1023,2024-11-20,5732,US,-136.54,,approved
C1192,25/05/2024,5541,AZ,125.28,MOTO,PENDING
C1120,05/01/2024,5999,DE,86.13,POS,DECLINED
C1012,2024-10-15,5541,IT,$35.16,,APPROVED
C1008,2024-01-15,5732,DE,197.45, ,DECLINED
C1141,2024-11-10,6011,AZ,201.23,POS,approved
C1163,25/05/2025,5732,IT,157.39,ECOM,declined
C1052,08/09/2024,5541,US,55.42,,approved
C1082,2025-01-12,5411,IT,232.2,ECOM,declined
C1040,2024-06-07,5732,TR ,115.32,MOTO,APPROVED
C1123,04/05/2024,5812,IT,211.85,ATM,approved
C1024,2024-06-20,5812,AZ,$84.33,MOTO,Approved 
C1095,2025-04-23,5541,GB,163.28,ECOM,declined
C1009,01/02/2025,5732,FR,93.83, ,DECLINED
C1116,09/10/2024,5999,FR,204.45,MOTO,Approved 
C1076,2024-07-11,5541,FR,85.97,,PENDING
C1156,2024-09-11,5732,FR,24.05,ATM,APPROVED
C1142,2025-05-11,5411,DE,161.32,,APPROVED
C1150,07/01/2024,5812,TR ,$163.96,POS,approved
C1160,07/03/2024,5732,TR ,180.74, ,PENDING
C1177,2025-05-20,6011,TR ,120.65, ,DECLINED
C1070,02/12/2024,5732,TR ,47.22,POS,declined
C1118,2024-03-24,5541,DE,$200.87,,APPROVED
C1007,2024-02-02,6011,US,$185.63,ECOM,Approved 
C1069,22/08/2024,6011,TR ,130.09,ATM,approved
C1148,25/09/2024,4111,DE,232.63,POS,approved
C1023,2024-02-19,4111,IT,146.17,MOTO,Approved 
C1107,19/05/2024,5999,TR ,160.92,POS,approved
C1067,18/03/2025,5812,TR ,170.6,POS,Approved 
C1015,16/04/2024,5541,GB,$148.48,ECOM,declined
C1059,30/01/2025,5541,DE,162.93,,DECLINED
C1065,2025-05-12,4111,US,119.75,,approved
C1080,27/10/2024,5812,US,$69.85,POS,declined
C1111,2024-05-03,4111,GB,$85.81,ECOM,DECLINED
C1113,2024-01-02,5732,DE,$238.23,,PENDING
C1177,2024-11-02,5812,TR ,208.24,ATM,DECLINED
C1047,2025-01-18,5999,IT,45.45,,declined
C1043,2024-12-10,5411,US,77.95,ECOM,Approved 
C1068,2024-09-21,5541,TR ,160.33,POS,DECLINED
C1159,2025-06-15,5999,GB,50.76,MOTO,APPROVED
C1105,06/01/2025,4111,TR ,122.32,ATM,PENDING
C1009,17/10/2024,5541,DE,160.75,,approved
C1069,2024-06-18,5999,IT,98.61, ,APPROVED
C1148,2025-04-07,6011,US,65.87,ECOM,Approved 
C1175,2025-03-04,6011,DE,$96.42,MOTO,DECLINED
C1028,2024-07-22,5812,AZ,170.87, ,APPROVED
C1126,2024-07-29,6011,FR,77.57,ATM,Approved 
C1063,14/06/2024,5999,TR ,137.33,POS,declined
C1176,2025-04-14,5541,GB,156.23,ATM,APPROVED
C1183,2024-01-10,5812,FR,$84.09, ,approved
C1144,2025-03-09,6011,FR,$125.79,POS,Approved 
C1174,30/10/2024,5999,IT,165.97,MOTO,declined
C1036,19/04/2025,5999,AZ,54.72,POS,PENDING
C1110,2025-02-10,5999,FR,80.25,ATM,PENDING
C1166,24/04/2025,5541,AZ,$62.17,POS,declined
C1126,2024-09-07,4111,DE,$151.60,ATM,APPROVED
C1151,2024-06-30,4111,IT,190.89,,PENDING
C1142,2024-05-01,5812,DE,61.33,POS,Approved 
C1156,2025-03-23,5411,TR ,-185.66,ECOM,PENDING
C1027,27/11/2024,5999,GB,222.04,ATM,approved
C1074,2024-09-28,5541,FR,145.34,ECOM,PENDING
C1129,03/06/2024,4111,FR,$178.27,POS,DECLINED
C1133,01/04/2024,4111,FR,171.35,MOTO,APPROVED
C1060,2025-01-01,6011,AZ,90.83,,PENDING
C1134,2025-03-29,5732,AZ,140.68,,DECLINED
C1133,31/05/2024,5541,FR,$151.19,ECOM,declined
C1138,20/03/2024,5732,IT,$133.82,,DECLINED
C1003,2025-05-03,5411,DE,226.11,MOTO,PENDING
C1015,11/05/2025,5411,DE,150.41, ,Approved 
C1181,2024-07-24,6011,IT,$84.49,,approved
C1045,2025-02-16,6011,GB,$86.86,MOTO,Approved 
C1075,27/03/2025,5999,GB,$195.74,,APPROVED
C1129,2024-12-18,5732,US,$83.36,,declined
C1150,27/12/2024,4111,AZ,183101.09,ECOM,declined
C1164,06/09/2024,4111,TR ,$121.23,ATM,PENDING
C1157,2024-08-28,5411,AZ,$99.11,,Approved 
C1174,30/06/2024,5541,IT,$145.95,,DECLINED
C1037,27/09/2024,5812,TR ,$117.98,POS,DECLINED
C1052,09/05/2025,5999,TR ,44.52,,DECLINED
C1028,2024-03-10,5411,TR ,103.0,MOTO,Approved 
C1138,09/01/2025,5999,AZ,$110.19, ,declined
C1085,2024-12-02,5732,DE,$231.81, ,Approved 
C1009,2024-11-30,5732,GB,$178.30,ECOM,Approved 
C1093,2024-06-29,5411,TR ,104.64,ATM,DECLINED
C1051,2025-02-08,5732,DE,$97.53,ATM,approved
C1149,2024-01-17,5411,GB,$-7.39,,declined
C1144,10/10/2024,4111,IT,43.66,,DECLINED
C1014,2024-08-28,6011,FR,242802.74,MOTO,Approved 
C1185,2025-06-23,5732,GB,$151.98,MOTO,PENDING
C1089,2024-07-30,6011,IT,25.33,ECOM,PENDING
C1176,06/05/2025,5411,TR ,$117.48,ATM,approved
C1114,06/07/2024,6011,FR,41.06,,DECLINED
C1115,2024-08-31,4111,US,$109.02,,declined
C1126,17/03/2025,5732,AZ,32.04,POS,PENDING
C1160,21/10/2024,6011,FR,$90.89,ECOM,Approved 
C1119,2024-05-04,5541,TR ,$183.40,POS,Approved 
C1091,30/01/2025,5411,IT,$105.91,,Approved 
C1140,22/09/2024,6011,US,$157.68,,PENDING
C1024,2024-11-24,5732,FR,113.51,ATM,APPROVED
C1104,20/10/2024,4111,GB,61321.12,ATM,APPROVED
C1053,15/12/2024,5812,GB,$144.31,ECOM,APPROVED
nan,2024-03-16,5411,DE,88.23,MOTO,approved
C1165,2024-07-24,5541,FR,$160.93,POS,approved
C1069,04/11/2024,5732,US,90.01,POS,approved
C1162,2024-08-03,5812,TR ,177.4,ECOM,Approved 
C1097,2025-06-06,5411,GB,26.18,POS,Approved 
C1121,2025-04-14,5812,AZ,108.82,MOTO,DECLINED
C1025,05/08/2024,5812,IT,135.34,,approved
C1138,19/04/2024,5732,IT,97.49,,PENDING
C1193,2024-06-14,5541,AZ,129.41,,PENDING
C1093,16/05/2025,6011,FR,-89.54,,Approved 
C1076,29/05/2024,5732,FR,120.79,MOTO,declined
C1071,2025-01-09,5411,FR,135.44,POS,DECLINED
C1185,25/04/2024,4111,DE,$194.44, ,PENDING
C1036,09/03/2025,6011,US,39.33,POS,declined
nan,16/06/2024,4111,FR,191.34, ,Approved 
C1114,2024-01-18,5541,GB,139.23,ATM,approved
C1195,19/05/2025,6011,FR,$25.76,ATM,Approved 
C1067,2024-03-08,6011,TR ,$-77.22,ATM,PENDING
C1122,07/03/2025,6011,IT,-11.66,ECOM,PENDING
C1012,2024-02-28,4111,GB,$15.77,ATM,PENDING
C1021,19/06/2025,5732,IT,140.75,MOTO,declined
C1155,2025-02-09,5812,TR ,169.19,,Approved 
C1176,2025-01-03,5812,GB,$113.01,MOTO,DECLINED
C1056,22/01/2024,5999,GB,96.02,MOTO,APPROVED
C1119,07/09/2024,5411,DE,88.01,ATM,Approved 
C1075,04/01/2024,5732,AZ,$193.54,,DECLINED
C1100,16/01/2025,6011,FR,149.71,MOTO,APPROVED
C1091,2025-03-07,5411,IT,82.42,,PENDING
C1035,2024-04-06,5812,FR,186.15,,PENDING
C1166,2024-07-27,4111,FR,58.72,MOTO,PENDING
C1093,19/02/2024,5812,FR,$102.93,POS,PENDING
C1055,28/01/2024,5541,DE,$165.67,,PENDING
C1178,29/01/2025,4111,GB,$138.55,ECOM,PENDING
C1196,09/03/2024,6011,DE,$191.92,ATM,PENDING
C1118,2024-01-21,5999,TR ,8.25,ECOM,approved
C1131,2024-04-21,5999,TR ,226024.5,,PENDING
C1029,25/09/2024,6011,AZ,80.31,,PENDING
C1049,30/11/2024,5411,US,$54.35,,PENDING
C1145,2025-05-10,5411,GB,39.69,POS,APPROVED
C1122,13/12/2024,4111,FR,170.5,,PENDING
C1156,2024-05-29,5541,DE,$55.17,POS,DECLINED
C1186,2025-06-01,5812,AZ,$224.42,MOTO,PENDING
C1113,2024-02-09,6011,US,123.73,ATM,Approved 
C1095,23/01/2024,5999,IT,127.42,,DECLINED
C1067,06/12/2024,5999,AZ,111.35,MOTO,Approved 
C1024,2025-01-22,5411,US,56.09, ,DECLINED
C1017,2024-09-05,5411,IT,153.78,ATM,approved
C1049,2025-02-20,6011,FR,-161.16, ,Approved 
C1020,14/09/2024,5541,US,110.16,,APPROVED
C1192,2024-02-29,4111,FR,57.32,MOTO,approved
C1109,2024-01-02,6011,TR ,237.27, ,PENDING
C1013,2025-05-24,5812,GB,218.66,MOTO,Approved 
C1115,2024-11-30,5541,TR ,98.23,,DECLINED
C1036,12/10/2024,5541,TR ,95.01,ECOM,APPROVED
C1060,2025-02-11,5541,FR,"$222,719.44", ,declined
C1064,2024-07-31,5411,GB,$-10.66,,approved
C1039,10/02/2024,5732,AZ,21.64,ECOM,APPROVED
C1076,21/01/2024,5541,IT,116.05,,declined
C1143,08/03/2025,5541,IT,117.69, ,APPROVED
C1182,2024-03-04,6011,GB,$146.89,ECOM,Approved 
C1030,24/09/2024,5541,TR ,$125.09,,Approved 
C1032,2025-02-01,5411,AZ,187.49,,APPROVED
C1015,12/04/2024,5541,US,$139.07,ATM,APPROVED
C1184,03/02/2025,5541,GB,36.99,MOTO,APPROVED
C1186,04/02/2024,4111,DE,195.09,ECOM,DECLINED
C1086,13/02/2024,5541,DE,$143.89,,declined
C1052,09/05/2025,5999,DE,$-86.69, ,DECLINED
C1003,08/06/2024,5812,GB,$116.56,,DECLINED
C1140,11/02/2024,5732,AZ,$113.84,ATM,approved
C1180,31/07/2024,5812,DE,$53.92,,DECLINED
C1198,2024-03-29,5999,FR,$169.63,POS,PENDING
C1075,2025-01-16,5411,DE,45.89,,approved
C1135,2024-08-12,6011,US,123.63, ,DECLINED
C1180,24/03/2024,6011,US,77.01,ECOM,Approved 
C1045,2025-02-24,4111,AZ,191.21, ,APPROVED
C1163,07/03/2024,4111,AZ,$134.83,,declined
C1026,14/03/2025,6011,DE,133.18,MOTO,declined
C1178,2024-02-05,5812,FR,66.6,,DECLINED
C1047,2024-11-20,5812,US,265.22,POS,Approved 
C1185,2025-02-05,5732,IT,$139.41,POS,DECLINED
C1059,2024-06-13,5812,US,37.85,,declined
C1063,22/12/2024,5411,FR,$98.00,,DECLINED
C1017,25/05/2025,4111,DE,43.18,POS,DECLINED
C1079,21/03/2024,4111,TR ,$111.90,POS,PENDING
C1033,27/09/2024,6011,IT,$89.09,MOTO,Approved 
C1129,2024-04-08,5541,FR,132.57,,APPROVED
C1112,16/12/2024,5732,US,193.22,,declined
C1092,2025-04-27,6011,FR,58.59,ATM,DECLINED
C1120,2024-06-05,5732,DE,54.31,ATM,APPROVED
C1015,2024-06-17,6011,IT,136.85,,declined
C1083,24/09/2024,6011,AZ,163.87,ECOM,approved
C1147,2024-03-19,5812,GB,$200.59,POS,declined
C1094,06/11/2024,5541,TR ,$93.72,POS,declined
C1039,2024-10-17,5999,DE,$96.73,,DECLINED
C1020,2024-02-27,5732,DE,62.07,ATM,APPROVED
C1149,24/10/2024,5999,IT,$98.19,ATM,DECLINED
C1082,2025-05-05,5812,US,$130.89,,approved
C1162,08/04/2025,5999,AZ,157.06,,APPROVED
C1027,2024-10-14,5411,US,52.73,ATM,DECLINED
C1125,2024-08-10,5541,FR,$239.68,ECOM,declined
C1019,2025-04-20,5411,US,121.71,POS,approved
C1034,16/11/2024,5411,DE,$56.82,MOTO,APPROVED
C1179,2024-05-24,6011,GB,76.03,,declined
C1025,2024-03-13,5999,GB,$134.73, ,APPROVED
C1152,2024-09-23,6011,TR ,221.59,,approved
C1171,26/07/2024,6011,US,89.68,ECOM,approved
C1106,26/04/2024,5732,DE,$102.53,,approved
C1113,15/05/2025,5812,AZ,121.52,MOTO,APPROVED
C1149,11/09/2024,5411,FR,$121.76,ECOM,approved
nan,10/06/2025,6011,TR ,54.86, ,approved
C1036,01/03/2024,5411,IT,136.9,POS,PENDING
C1097,2025-05-07,6011,FR,$200.83,MOTO,APPROVED
C1029,28/02/2024,5999,FR,57.9,ATM,DECLINED
C1046,10/03/2025,5732,TR ,$199.39,,declined
C1159,2025-03-04,5541,IT,$76.04,,DECLINED
C1193,2025-02-01,5541,IT,113.08,MOTO,PENDING
C1066,26/12/2024,5812,FR,$48.59,,APPROVED
C1013,2024-03-15,5732,FR,$-166.61,ECOM,approved
C1167,2025-02-23,5411,US,75.82,ATM,DECLINED
C1179,2024-05-07,6011,GB,164.17,ECOM,approved
C1169,2024-04-03,5732,GB,72.74,,approved
C1045,04/09/2024,5411,US,$121.87,ATM,DECLINED
C1035,2025-01-12,5411,TR ,$40.87,ATM,APPROVED
C1119,30/01/2024,5812,TR ,157.84,ECOM,Approved 
C1113,27/09/2024,5541,TR ,154.34,,PENDING
C1040,09/02/2025,5411,GB,144.07, ,DECLINED
C1168,22/06/2024,5732,AZ,171.79,,Approved 
C1068,2025-05-18,5541,IT,0.25,ECOM,approved
C1084,08/02/2025,5541,TR ,82.83, ,approved
C1134,13/11/2024,4111,FR,$172.51, ,Approved 
C1162,09/09/2024,5732,FR,0.71,MOTO,APPROVED
C1122,07/09/2024,5541,US,$-9.24,ATM,APPROVED
C1075,11/08/2024,6011,IT,$77.37,,approved
C1130,20/03/2025,5541,FR,$94.99,MOTO,PENDING
C1179,2024-12-14,5999,GB,172.94,POS,approved
C1198,2025-03-04,5999,IT,231293.05,,approved
C1145,2024-10-07,5999,AZ,103.94,POS,PENDING
C1128,25/08/2024,5999,IT,138.12,MOTO,APPROVED
C1193,2025-05-23,4111,FR,224.5,MOTO,Approved 
C1000,2025-01-02,5732,IT,111.25,,PENDING
C1168,2024-01-03,5411,IT,112.59,MOTO,Approved 
C1065,08/03/2024,6011,AZ,$121.04, ,approved
C1176,2024-11-11,5541,FR,110.02,POS,Approved 
C1183,24/04/2024,4111,DE,$109.54,MOTO,declined
C1039,2024-09-08,5541,US,96.54,,DECLINED
C1074,26/05/2025,5812,GB,119.78,MOTO,APPROVED
C1153,2025-06-20,4111,AZ,111.05,,PENDING
C1010,2025-06-11,4111,GB,107.79,POS,DECLINED
C1147,01/05/2025,5541,FR,$64.90, ,PENDING
C1186,2024-11-14,5411,IT,221.42,POS,PENDING
C1061,19/09/2024,4111,AZ,138.37,,DECLINED
C1177,07/05/2024,5812,FR,$74.22,,declined
C1045,10/02/2025,6011,GB,188.35,ECOM,approved
C1050,2024-12-22,5411,US,135.77,ECOM,approved
C1156,2024-05-14,5999,FR,184.86,,DECLINED
C1023,10/05/2025,5411,DE,$112.53, ,DECLINED
nan,2024-06-28,5999,US,148.08,,declined
C1169,14/08/2024,5732,DE,$51.42,,Approved 
C1158,24/08/2024,5999,FR,212.56,ATM,PENDING
C1065,19/06/2024,5541,AZ,$110.52,,DECLINED
C1093,18/10/2024,5732,IT,156.11,POS,approved
C1171,2024-08-06,6011,AZ,$184.46,ATM,Approved 
C1142,2025-06-02,6011,IT,143.29,,declined
C1163,16/03/2024,6011,US,$183.78,ECOM,APPROVED
C1132,2024-01-15,5732,IT,58.28,POS,DECLINED
C1062,16/04/2025,5411,IT,$288.76,POS,DECLINED
C1105,09/01/2024,5541,FR,151946.93,MOTO,declined
C1016,2025-01-28,5732,IT,-45.32,,PENDING
C1128,2024-07-28,5732,US,178.5,MOTO,PENDING
C1170,10/12/2024,5411,AZ,$132.20,ECOM,Approved 
C1132,18/04/2024,6011,AZ,117.31,POS,PENDING
C1126,2024-08-27,6011,IT,$137.24,,DECLINED
C1199,2024-10-04,5541,GB,$185.06,ATM,PENDING
C1057,2024-04-25,5999,US,$162.07,,DECLINED
C1132,01/11/2024,5732,AZ,160.86,,Approved 
C1016,02/10/2024,5812,TR ,$186.22,ECOM,approved
C1194,2025-03-15,5999,DE,87.11, ,DECLINED
C1030,24/09/2024,6011,IT,172.76,MOTO,APPROVED
C1041,30/06/2024,5732,DE,103.16,ATM,DECLINED
C1146,2024-10-22,5541,GB,177.65,ATM,DECLINED
C1197,2024-08-18,5732,DE,$60.11,,APPROVED
nan,2024-03-03,5812,US,165.8,ATM,Approved 
C1049,17/10/2024,5541,US,$115.30,,declined
C1053,21/12/2024,5812,GB,-68.03,ECOM,PENDING
nan,2024-12-24,4111,AZ,18.86, ,APPROVED
C1058,30/01/2024,4111,GB,97.33,ATM,Approved 
C1078,2024-07-07,5732,IT,$125.07,MOTO,approved
C1180,2024-06-13,5541,TR ,$117.55,POS,APPROVED
C1133,2024-03-12,6011,AZ,$86.13,ATM,declined
C1166,2024-04-20,5812,IT,50.78, ,DECLINED
C1178,2025-06-11,4111,FR,135.35,ECOM,APPROVED
C1165,2024-04-08,5999,US,261.68,ECOM,DECLINED
C1009,2025-04-03,6011,TR ,$49.18,POS,APPROVED
C1178,07/04/2024,5541,IT,$120.71,,approved
C1097,2024-08-07,4111,GB,232.25,ECOM,Approved 
C1104,26/03/2025,5732,IT,52.58,POS,approved
C1039,2024-10-10,4111,GB,$174.75,,declined
C1157,25/12/2024,5541,GB,-5.1,,DECLINED
C1035,21/06/2025,5812,GB,$142.46,ATM,approved
C1023,17/05/2024,5411,GB,$294.85,ATM,PENDING
C1089,2024-03-12,5541,DE,$61.69, ,Approved 
C1032,02/03/2024,5541,AZ,$252.42,MOTO,APPROVED
C1047,2025-05-14,6011,GB,39.33,POS,approved
C1067,15/05/2025,5411,AZ,75.11,MOTO,APPROVED
C1131,07/06/2025,5812,US,68.23,POS,declined
C1080,22/10/2024,5541,AZ,$129.28,,APPROVED
C1133,2025-04-16,5732,DE,$113.70,,DECLINED
C1096,2024-04-04,6011,FR,$114.58, ,Approved 
C1126,13/06/2025,4111,GB,$26.31,POS,Approved 
C1190,2025-06-10,5411,AZ,98.2,MOTO,Approved 
C1144,2024-08-10,4111,DE,$41.85,,PENDING
C1153,11/09/2024,5732,TR ,$72.61,ECOM,APPROVED
C1106,20/05/2024,5812,IT,-190.14,ECOM,declined
C1079,2025-03-07,5812,TR ,105.04,POS,APPROVED
C1176,2024-04-30,5541,GB,129.08,ATM,APPROVED
C1165,01/07/2024,6011,DE,118.71,,declined
C1021,2025-03-02,4111,AZ,$161.34, ,approved
C1008,24/10/2024,5732,GB,$156.74,ECOM,Approved 
C1041,2024-10-20,4111,GB,$-60.96,,APPROVED
C1090,2024-01-13,5732,FR,97.75, ,Approved 
C1174,01/02/2025,4111,FR,-11.06,ATM,PENDING
C1171,2024-06-06,4111,AZ,$159.28,,PENDING
C1193,2025-04-05,5732,DE,97.91, ,approved
C1118,2024-11-28,5732,US,142.76,MOTO,approved
C1009,2025-01-31,5411,FR,$123.64,,Approved 
C1000,18/10/2024,5541,DE,58.0, ,APPROVED
C1117,2024-12-20,6011,FR,120.77,,declined
C1025,21/06/2024,5812,TR ,62.2,ECOM,APPROVED
C1074,18/09/2024,4111,DE,182.91,,declined
C1175,09/06/2024,5541,TR ,$-136.36,,APPROVED
C1189,2025-06-21,4111,GB,$35.11,ATM,PENDING
C1066,2024-11-07,5541,IT,175.52,ECOM,declined
C1161,22/11/2024,5812,US,$122.04,ECOM,DECLINED
C1005,2024-02-14,4111,TR ,$87.07, ,declined
C1017,26/08/2024,5812,AZ,-154.21, ,DECLINED
C1195,2024-09-05,5812,IT,155.13,MOTO,APPROVED
C1016,09/10/2024,5812,US,98.47,POS,approved
C1117,04/09/2024,5812,DE,-138.26,ATM,APPROVED
C1085,18/12/2024,5541,IT,$177.12, ,DECLINED
C1092,2024-09-28,6011,FR,172.13,ATM,DECLINED
C1182,2024-07-23,5732,DE,144.44,,declined
C1192,2025-04-29,5541,IT,182.85,MOTO,DECLINED
C1167,29/03/2025,5541,IT,54.11,ECOM,PENDING
C1050,20/06/2024,5999,AZ,$194.64, ,DECLINED
C1199,2024-08-07,5812,TR ,$101.83,MOTO,approved
C1098,2024-07-05,5541,AZ,174.32,POS,PENDING
C1072,08/02/2024,5732,US,$146.99,ATM,APPROVED
C1127,2024-04-15,5411,IT,29.02,MOTO,APPROVED
C1007,03/10/2024,6011,GB,132.86,POS,Approved 
C1064,07/03/2025,4111,DE,$157.91,POS,PENDING
C1194,20/07/2024,5411,FR,89.66,ECOM,Approved 
C1121,05/05/2025,5812,DE,$-114.69,POS,Approved 
C1197,02/03/2024,5732,IT,$188.85,MOTO,declined
C1038,11/06/2024,5411,IT,$151.57,ECOM,PENDING
C1061,2025-03-23,5732,GB,77.1,,Approved 
C1176,2025-06-09,5812,TR ,$74.34,,approved
C1165,2025-01-30,5732,AZ,134.46,POS,Approved 
C1159,22/08/2024,4111,AZ,90.86,ECOM,DECLINED
C1090,2024-06-09,5411,US,54.89,MOTO,DECLINED
C1011,2024-05-20,4111,FR,$182.72,,approved
C1165,2025-05-03,5999,US,157.04,MOTO,approved
C1103,02/07/2024,5411,GB,$168.92,POS,Approved 
C1123,2024-06-06,4111,GB,$222.73,MOTO,declined
C1168,22/05/2024,5541,DE,$129.87,MOTO,PENDING
C1161,2024-12-13,5812,AZ,101.66,ECOM,APPROVED
C1188,2024-09-13,5411,FR,$196.14,ATM,DECLINED
C1148,2024-01-18,5541,FR,130.92,ATM,PENDING
C1189,25/02/2025,5411,FR,80.34,,approved
C1121,30/06/2024,6011,IT,$60.26,ATM,declined
C1090,12/02/2024,6011,US,94.41,ATM,declined
nan,10/10/2024,6011,DE,$97.53,,APPROVED
C1113,07/01/2025,5541,DE,82.72,,APPROVED
C1113,14/03/2024,5411,FR,93.46,POS,declined
C1141,2024-04-29,5812,AZ,-18.06,,Approved 
C1008,15/03/2025,5411,DE,23.59,MOTO,APPROVED
C1073,08/01/2024,5999,TR ,$67.77,,DECLINED
C1129,2025-01-01,4111,FR,83.99, ,approved
C1020,30/10/2024,5812,IT,$-160.09,MOTO,declined
C1060,07/02/2024,4111,TR ,$167.43,ATM,Approved 
C1070,17/05/2025,5411,DE,$44.89,,APPROVED
C1095,2025-02-19,5812,TR ,7.99,POS,DECLINED
C1099,2024-02-25,5732,IT,$185.52,,declined
C1187,06/01/2024,5541,DE,$124.84,POS,PENDING
C1058,2025-03-29,6011,IT,$141.10, ,declined
C1049,17/11/2024,5812,TR ,80.97, ,approved
C1083,28/01/2025,5541,AZ,$135.16,,DECLINED
C1115,2024-05-24,4111,FR,113.11,,Approved 
C1039,2025-04-22,5812,AZ,185.69,MOTO,declined
C1157,07/04/2024,5732,GB,252.35, ,Approved 
C1184,03/02/2024,5999,GB,172.19,POS,approved
C1190,2024-01-05,6011,US,$76.44, ,PENDING
C1056,06/06/2025,5541,FR,$150.64,ATM,declined
C1138,21/05/2024,5411,GB,222.22,ECOM,Approved 
C1081,2025-04-15,5541,TR ,86.14,POS,APPROVED
C1043,15/12/2024,5812,US,$121.63, ,PENDING
C1069,22/12/2024,5812,DE,$154.42, ,DECLINED
C1011,2025-02-16,5732,DE,$114.90,ATM,PENDING
C1057,2024-09-20,5411,GB,98.74,MOTO,PENDING
C1061,2024-08-13,5411,AZ,$17.69,ATM,Approved 
C1140,2025-06-06,5732,FR,$103.29,ECOM,DECLINED
C1129,2024-08-18,4111,GB,138.23,ECOM,Approved 
C1068,25/07/2024,5999,GB,25.02,ATM,APPROVED
C1053,2024-06-07,4111,FR,-164.2,,APPROVED
C1021,17/06/2024,5541,IT,169.37,ECOM,Approved 
C1036,09/09/2024,5732,IT,102.85,POS,APPROVED
C1147,2024-10-17,5812,AZ,241.36,,approved
C1131,2025-02-24,4111,TR ,58.05,,DECLINED
C1015,2024-08-15,5732,FR,$120.37,,approved
C1076,09/12/2024,5732,TR ,108.91,POS,PENDING
C1010,2024-02-16,5732,GB,140.69,,approved
C1117,22/10/2024,5541,US,135.68,ECOM,Approved 
C1141,2024-05-01,5541,US,166.54,ECOM,PENDING
C1091,2025-03-05,5732,AZ,74.89,,APPROVED
C1087,08/06/2024,5411,GB,141.7, ,Approved 
C1088,01/12/2024,5812,US,95.12, ,approved
C1120,02/04/2024,5812,AZ,$112.89,,declined
C1002,2024-05-27,6011,US,$142.32, ,APPROVED
C1050,08/01/2024,5999,FR,112.43,ATM,DECLINED
C1128,16/11/2024,6011,GB,$95.92,ATM,PENDING
C1131,17/04/2025,6011,US,$122.80,,PENDING
C1094,2024-05-09,4111,IT,$40.57,ATM,Approved 
C1075,10/06/2025,5732,IT,142.17,ECOM,Approved 
C1012,2024-03-21,5812,FR,141387.24,ATM,Approved 
C1176,2025-03-17,4111,GB,$-20.75, ,approved
C1165,26/03/2024,5541,GB,135.1, ,APPROVED
C1196,22/04/2025,5732,AZ,160.7,MOTO,approved
C1020,05/06/2024,5999,GB,-9.84, ,approved
C1036,27/01/2025,5812,US,$79.84,ATM,PENDING
C1176,03/11/2024,4111,IT,61.34, ,DECLINED
C1186,2024-01-28,6011,DE,92.8,POS,PENDING
C1096,27/01/2024,4111,TR ,$152.92,,Approved 
C1090,04/01/2024,5411,IT,48.06,ATM,DECLINED
C1090,09/01/2025,5732,FR,171.09,ECOM,DECLINED
C1100,11/02/2024,5732,AZ,$174.88,ATM,PENDING
C1174,2025-02-24,5732,US,$107.93,MOTO,DECLINED
C1141,05/01/2024,4111,US,$155.76,ECOM,declined
C1115,12/05/2025,5411,GB,15.16,,approved
C1123,2025-01-17,5541,US,82.22,MOTO,DECLINED
C1109,08/06/2025,5999,GB,$200.12,,APPROVED
C1078,2025-05-05,5812,US,-172.54,,declined
C1019,2024-02-06,5541,FR,263.72,,approved
C1047,16/09/2024,4111,GB,139.48,,PENDING
C1054,08/05/2025,5812,FR,187.0,ECOM,Approved 
C1157,2024-02-07,5812,AZ,134.87,ATM,PENDING
C1138,2024-05-18,5541,US,54.32,ATM,approved
C1131,24/12/2024,5812,IT,$147.60,MOTO,declined
C1134,27/02/2024,5812,DE,134.68,ECOM,PENDING
C1067,2024-04-24,6011,GB,$241.94,MOTO,DECLINED
C1154,26/06/2024,5812,FR,$169.68,ECOM,PENDING
C1004,31/03/2024,4111,GB,221.81,,DECLINED
C1066,25/03/2025,5411,TR ,91.38,POS,declined
C1124,28/02/2024,5732,US,208634.39,ECOM,APPROVED
C1135,22/11/2024,4111,IT,233.33,MOTO,Approved 
C1022,2025-01-08,5999,IT,98.05,POS,approved
C1141,2025-03-26,5732,FR,$107.22,,PENDING
C1130,21/11/2024,5732,GB,-197.96, ,APPROVED
C1015,10/10/2024,6011,FR,101.01,POS,declined
C1175,17/08/2024,6011,IT,123.13,,Approved 
C1187,2024-04-04,5732,IT,133.0,ECOM,APPROVED
C1103,09/10/2024,5812,GB,80.82,POS,Approved 
C1052,2024-08-23,5541,AZ,$79.46,MOTO,PENDING
C1162,24/03/2024,4111,AZ,126.11,POS,DECLINED
C1093,25/02/2025,5999,GB,185.22,ECOM,PENDING
C1058,19/11/2024,5812,US,$128.29,,APPROVED
C1013,2024-01-13,6011,IT,74.37,,approved
C1196,03/11/2024,6011,DE,256.06,ECOM,declined
C1095,28/02/2025,5541,US,$230.84, ,PENDING
C1134,2025-05-14,4111,GB,121.56,,DECLINED
C1136,2025-05-28,5411,US,91.32,POS,Approved 
C1183,27/06/2024,4111,AZ,$-9.14,MOTO,approved
C1130,13/10/2024,5732,DE,231.03,ECOM,declined
C1148,31/03/2025,5411,GB,$-2.83, ,APPROVED
C1153,2025-02-19,5999,US,93.34,MOTO,DECLINED
C1195,29/06/2024,5812,GB,$140.81,MOTO,approved
C1047,2025-04-27,4111,FR,$112.16, ,PENDING
C1056,2024-06-06,5999,IT,-8.25, ,PENDING
C1142,15/06/2025,5999,AZ,$47.81,,declined
C1168,15/03/2024,5812,TR ,$67.30,,declined
C1091,18/11/2024,5812,FR,$110.57,ATM,APPROVED
C1018,2024-08-01,5999,FR,$194.44,ECOM,Approved 
C1021,28/01/2025,4111,AZ,$31.73,POS,DECLINED
C1038,06/01/2024,5411,FR,$78.42,,approved
C1000,19/04/2025,5812,GB,$80.38,ATM,PENDING
C1019,29/03/2024,5732,IT,124.82,POS,Approved 
C1134,2025-05-02,5732,DE,$121.97,ECOM,PENDING
C1085,2025-06-22,5732,GB,63.69,ATM,APPROVED
C1184,02/10/2024,5411,AZ,182.63,ATM,PENDING
C1126,10/11/2024,5411,DE,$99.66,POS,declined
C1192,19/03/2025,5999,US,151.24,MOTO,declined
C1175,2025-06-15,5732,GB,199.01,ATM,approved
C1197,2024-12-16,6011,US,$90.26,ATM,PENDING
C1008,2025-06-01,5411,GB,40.45,MOTO,DECLINED
C1069,2025-01-10,5999,FR,40.07, ,APPROVED
C1063,2024-05-22,6011,TR ,76.83,,Approved 
C1052,2025-02-24,6011,DE,$63.00,,Approved 
C1174,2025-04-16,4111,US,104.94,POS,Approved 
nan,2024-10-30,5732,GB,197.91,,DECLINED
C1169,2025-06-20,5999,DE,$-51.80,POS,approved
C1114,2025-03-27,5732,AZ,136.4,MOTO,declined
C1197,20/04/2024,5541,TR ,38.86,ATM,approved
C1059,23/10/2024,5411,DE,$-1.72,POS,declined
C1020,2025-05-29,5812,GB,168.35,ATM,Approved 
C1079,04/03/2025,5812,TR ,34.42,,APPROVED
C1131,2024-08-19,4111,DE,$167.57,ECOM,declined
C1010,26/11/2024,4111,AZ,115.29, ,DECLINED
C1120,10/05/2025,5812,IT,$95.04,,declined
C1122,07/05/2025,5732,IT,$65.12,ECOM,APPROVED
C1080,2025-04-25,5732,GB,108.57,MOTO,PENDING
C1170,18/07/2024,4111,US,$91.40,,DECLINED
C1054,23/03/2024,5541,AZ,$42.39,,APPROVED
C1039,2024-12-03,5732,AZ,106.93,,APPROVED
C1028,2024-07-02,4111,GB,88.43,MOTO,APPROVED
C1091,2025-05-16,5541,IT,87.19,POS,approved
C1045,03/07/2024,6011,FR,$56.33,,Approved 
C1064,2024-07-26,5541,GB,191.52,,approved
C1092,2025-06-12,4111,GB,$166.95,ECOM,approved
C1040,11/03/2025,4111,DE,84.08,ATM,declined
C1136,15/03/2024,5541,FR,$64.21,ECOM,APPROVED
C1076,2024-08-23,5411,FR,134.2,ECOM,declined
C1125,27/02/2024,5999,DE,$89.31,POS,approved
C1188,23/06/2025,5411,US,83.7,ECOM,declined
C1062,2025-01-13,5411,US,193.46,MOTO,declined
C1091,22/02/2024,5411,GB,135.07, ,DECLINED
C1075,2024-01-19,5411,GB,$178.34,MOTO,Approved 
C1089,29/03/2025,5411,GB,$144.31,POS,declined
C1135,06/07/2024,6011,DE,149.34,,DECLINED
C1055,14/06/2025,5812,FR,207.54, ,approved
C1157,2024-12-14,6011,FR,$129.71,MOTO,APPROVED
C1042,05/03/2025,5812,TR ,45.45,POS,declined
C1047,04/05/2024,6011,AZ,$107.41,POS,declined
C1166,2024-06-15,5411,US,$54.57,,APPROVED
C1036,2024-02-24,5411,DE,$92.95,,APPROVED
C1070,2025-04-16,4111,FR,70.36, ,Approved 
C1058,2024-01-03,5999,FR,-133.07, ,declined
C1110,07/01/2024,5732,DE,-100635.79,ECOM,approved
C1096,05/10/2024,5411,US,201.98,POS,PENDING
C1135,2024-01-01,5732,US,196032.7,POS,declined
C1095,2024-01-17,5999,GB,$-128.03,MOTO,DECLINED
C1170,2024-06-21,4111,DE,-5.44,,Approved 
C1003,04/04/2025,5812,TR ,102.24,,APPROVED
C1069,19/05/2024,5812,FR,$43.12,POS,approved
C1038,2024-05-04,6011,AZ,$117.77,ATM,DECLINED
C1059,2025-03-17,5732,DE,71.02,ECOM,DECLINED
C1072,2024-12-05,5999,FR,137.16,POS,APPROVED
C1094,2024-11-03,5732,FR,184.6, ,declined
C1147,2024-03-09,5411,FR,$188.40,ATM,Approved 
C1187,2024-11-26,4111,FR,$-109.19,POS,DECLINED
C1137,22/02/2024,6011,AZ,43.29,,DECLINED
C1163,23/01/2024,5411,TR ,112.68,ATM,approved
C1155,31/01/2025,5999,IT,$90.37,ECOM,declined
C1126,21/06/2025,5732,GB,107.64,,APPROVED
C1087,2025-03-20,5541,DE,$147.33, ,DECLINED
C1155,01/08/2024,4111,GB,$187.64, ,approved
C1002,2024-02-14,4111,AZ,251.1,,approved
C1186,13/12/2024,5999,DE,81.5,,approved
C1011,03/04/2025,6011,AZ,220.48,MOTO,APPROVED
C1096,04/02/2024,5999,GB,$172.34,,APPROVED
C1062,03/03/2025,4111,IT,45.89, ,DECLINED
C1036,2024-03-12,5732,TR ,$-30.66,ATM,PENDING
C1126,01/02/2025,4111,FR,$199.14,MOTO,APPROVED
C1102,06/01/2024,5541,DE,204.5,MOTO,APPROVED
C1118,12/04/2025,5999,GB,176.25,,PENDING
C1047,23/08/2024,5732,DE,$154.48,MOTO,APPROVED
C1125,2025-03-13,5732,FR,$48.85,,APPROVED
C1003,2024-02-04,5812,GB,108.86,,PENDING
C1077,04/12/2024,5999,TR ,152.23,,PENDING
C1087,2024-07-31,5999,GB,$147.42,MOTO,PENDING
C1123,14/08/2024,5999,AZ,145.47,POS,declined
C1163,2024-04-26,5411,GB,113.31,ECOM,declined
C1059,2024-10-02,4111,IT,$27.39,MOTO,DECLINED
C1101,2024-01-12,4111,US,$-16.76,,Approved 
C1171,2025-05-26,5411,IT,$77.73, ,DECLINED
C1009,2024-04-20,5812,FR,$121.81,ATM,APPROVED
C1014,22/06/2025,5541,IT,153.34,POS,APPROVED
C1188,2025-03-17,5541,GB,$160.24,MOTO,APPROVED
C1182,2024-10-23,5732,DE,75.23,,APPROVED
C1060,19/05/2025,5411,AZ,143.36,,DECLINED
C1013,2025-04-22,6011,FR,58.15, ,Approved 
C1172,2024-06-10,5732,US,138.68,ECOM,approved
C1196,04/04/2025,5999,AZ,$177.90,ECOM,APPROVED
C1071,2025-05-24,6011,GB,$105.25,,approved
C1004,28/04/2024,4111,IT,$72.92,POS,DECLINED
C1002,2024-04-02,5541,US,$168.18,,DECLINED
C1178,04/02/2025,5411,TR ,114.37, ,PENDING
C1107,2025-03-22,6011,US,159.05,,Approved 
C1034,2024-06-24,6011,AZ,$255.21, ,Approved 
C1122,2025-04-12,5411,GB,125.4, ,declined
C1127,2025-01-07,5732,US,$128.76,POS,Approved 
C1038,24/12/2024,6011,TR ,80.11,,PENDING
C1111,18/01/2025,4111,FR,233.89,ECOM,PENDING
C1138,17/12/2024,5999,DE,185.89,POS,approved
C1167,01/02/2025,6011,US,$91.69,,APPROVED
C1083,2024-08-13,6011,TR ,$89.64,,APPROVED
C1198,28/03/2024,5732,IT,82.36,,declined
C1106,2024-11-04,5541,IT,$189.36,,APPROVED
C1076,16/03/2025,5732,IT,137.98,ECOM,Approved 
C1100,2024-10-27,5812,DE,59.65,MOTO,DECLINED
C1171,12/02/2024,6011,IT,$59.90, ,APPROVED
C1146,2025-03-29,6011,FR,145.98, ,approved
C1004,2024-04-12,5732,FR,-29.93,ATM,declined
C1182,2024-10-19,5541,IT,127966.05,,approved
C1044,24/11/2024,5812,FR,100.48, ,declined
C1173,31/03/2024,5541,IT,$181.49, ,PENDING
C1115,2024-09-09,5732,AZ,158.93,,approved
C1043,2024-04-06,5732,IT,184.79,,declined
C1136,28/11/2024,6011,TR ,$204.21,,approved
C1077,2024-02-19,5732,DE,167.79,,approved
C1173,2024-06-23,5541,FR,156.24,ECOM,DECLINED
C1091,03/02/2025,5999,IT,118.46, ,PENDING
C1057,2024-01-07,5541,DE,216.87,ECOM,APPROVED
C1001,27/02/2025,6011,IT,134.94,MOTO,APPROVED
C1135,02/10/2024,5732,IT,73.41,ECOM,DECLINED
C1111,05/04/2024,6011,DE,35.74,,declined
C1148,2025-05-06,5732,GB,$190.69,MOTO,Approved 
C1018,16/07/2024,5812,GB,-52.5,,declined
C1059,01/07/2024,6011,DE,$103.16,,APPROVED
C1030,2024-06-23,5812,DE,132.32,ECOM,declined
C1043,24/10/2024,5411,US,$-85.13,,APPROVED
C1001,2024-12-08,5999,TR ,159.6, ,declined
C1078,2025-04-11,5812,IT,221.93,ECOM,declined
C1006,07/07/2024,5999,IT,$209.52,MOTO,PENDING
C1178,2024-01-27,4111,DE,$103.63,MOTO,Approved 
C1121,2024-08-10,5541,US,122.42,ATM,approved
C1156,2025-05-27,4111,DE,70.8,POS,DECLINED
C1066,2024-12-21,5812,GB,203.87, ,Approved 
C1107,18/03/2024,6011,TR ,163.92,,DECLINED
C1102,08/12/2024,5411,TR ,158.92,,PENDING
C1022,2024-11-09,5411,FR,$0.67, ,PENDING
C1070,12/07/2024,5411,IT,153.06, ,DECLINED
C1071,17/05/2024,6011,IT,126.85,,DECLINED
C1147,31/05/2025,5812,US,116.65,,PENDING
C1052,2024-01-04,6011,DE,$-115.29,,approved
C1011,2024-01-09,5411,AZ,140.71, ,APPROVED
C1198,19/04/2025,5812,DE,$164.61, ,approved
C1184,2024-05-22,5812,AZ,120.82,ECOM,DECLINED
C1072,2024-05-05,5812,AZ,$25.56,ECOM,PENDING
C1116,20/01/2025,5541,TR ,222.86,MOTO,PENDING
C1060,18/04/2025,4111,TR ,$49.68,,declined
C1153,07/02/2024,5999,TR ,230.11,,DECLINED
C1092,2025-04-27,6011,FR,58.59,ATM,DECLINED
C1181,2024-04-04,4111,TR ,167.36,MOTO,approved
C1142,12/02/2025,5999,AZ,$289.36, ,APPROVED
C1099,02/06/2024,5541,TR ,$51.11,POS,declined
C1164,21/04/2024,5999,IT,$116.20,POS,PENDING
C1193,2024-07-23,5411,FR,135.82, ,DECLINED
C1093,12/05/2024,5541,US,58.47,ECOM,DECLINED
C1005,06/08/2024,5999,FR,170.53,POS,APPROVED
C1113,25/02/2025,5812,DE,119.48,ECOM,approved
C1164,17/07/2024,5411,FR,101.62,,Approved 
C1164,25/03/2024,6011,FR,$237.67,,declined
C1116,2024-12-14,5411,DE,90.59,ECOM,APPROVED
C1069,08/02/2024,5732,US,-116.61,ECOM,approved
C1138,05/03/2025,5812,AZ,$96.82,,APPROVED
C1067,07/02/2025,5411,TR ,"$169,037.87",ECOM,Approved 
C1134,21/04/2024,5541,TR ,$22.94,POS,Approved 
C1197,2024-05-08,5812,TR ,127.15,MOTO,APPROVED
C1129,08/12/2024,5999,FR,14.14,,Approved 
C1184,09/05/2025,5411,TR ,72.78, ,DECLINED
nan,2025-04-09,5812,US,-159.63,,PENDING
C1041,2024-07-11,5411,GB,172.25,,APPROVED
C1183,01/10/2024,4111,FR,$162.80,ATM,APPROVED
C1080,26/09/2024,5541,DE,$96.52,ATM,Approved 
C1062,2025-03-22,5411,US,$161.85,ATM,PENDING
C1092,03/04/2025,4111,AZ,62.98,MOTO,approved
C1049,2025-02-25,6011,US,$245.50, ,Approved 
C1190,2024-12-28,5732,DE,139.02, ,DECLINED
C1008,2024-03-26,6011,IT,$123.68,ATM,Approved 
C1034,25/03/2025,6011,US,$121.43,ECOM,APPROVED
C1045,2024-10-05,6011,FR,$116.09,,DECLINED
C1054,2024-11-01,5999,DE,$76.61,,DECLINED
C1018,2025-06-05,5732,TR ,76.4,MOTO,APPROVED
C1140,2025-06-11,5411,US,81.5,ATM,Approved 
C1005,2025-03-31,5999,US,84.61,ATM,DECLINED
C1159,2024-09-10,4111,TR ,58.35,POS,APPROVED
C1012,12/08/2024,5732,DE,$-19.88,ATM,APPROVED
C1015,05/06/2024,5999,AZ,149.94,ECOM,declined
C1053,2024-04-23,5732,GB,42.3,POS,PENDING
C1191,2024-12-19,5812,US,85.51,POS,PENDING
C1143,27/07/2024,6011,DE,$41.28,,APPROVED
C1027,2024-05-07,5732,FR,139.16,ATM,PENDING
C1024,22/06/2024,6011,AZ,18.14,ECOM,declined
C1129,2024-01-26,5411,IT,112.72,ECOM,Approved 
C1018,26/03/2025,5541,FR,175.65,,DECLINED
C1110,18/03/2024,5541,AZ,92.13,ATM,declined
C1118,2024-01-09,6011,US,87.66,POS,Approved 
C1028,2024-08-19,5999,IT,198.65, ,APPROVED
C1113,2024-04-15,5999,US,148.6,ECOM,declined
nan,2024-10-28,6011,DE,107.86,ECOM,declined
C1045,24/04/2024,4111,IT,155.75,ATM,Approved 
C1019,2024-09-02,4111,TR ,72.35, ,PENDING
C1005,2024-12-10,5411,FR,187.92,,Approved 
C1026,2025-01-30,4111,FR,$95.78,MOTO,Approved 
C1064,09/10/2024,5541,FR,$158.04,POS,Approved 
C1159,24/10/2024,5411,AZ,$155.14,ATM,declined
C1093,2024-10-17,5411,FR,119.15,ECOM,APPROVED
C1188,29/03/2025,6011,FR,137.67,MOTO,DECLINED
C1004,2024-11-01,5411,GB,177.73, ,Approved 
C1191,2024-10-08,4111,IT,$-32.35,ECOM,Approved 
C1150,29/09/2024,5999,FR,87.17,ATM,declined
C1118,2024-03-15,4111,TR ,$254.51,MOTO,DECLINED
C1061,2024-04-14,5541,IT,99.05,,DECLINED
C1138,18/03/2025,5812,GB,170.38,ATM,DECLINED
C1078,30/04/2025,5732,TR ,148.59,ECOM,approved
C1080,07/10/2024,5732,IT,140.28,,PENDING
C1187,02/11/2024,5999,FR,$157.94,,APPROVED
C1193,2024-11-29,5999,GB,-50.68,,DECLINED
C1149,2025-04-21,4111,AZ,$13.95,,declined
C1149,16/04/2024,5541,GB,$35.84,,Approved 
C1182,2024-09-15,5541,US,$69.88,POS,Approved 
C1002,2024-02-06,5732,GB,$69.20,MOTO,Approved 
C1033,20/06/2025,4111,FR,$86.78,ATM,APPROVED
C1075,30/05/2024,5732,GB,143.15,POS,DECLINED
C1011,2025-03-01,4111,TR ,195.27,MOTO,DECLINED
C1130,2025-06-01,5812,DE,$-12.15, ,DECLINED
C1098,12/08/2024,4111,FR,$220.68,ECOM,Approved 
C1054,10/08/2024,6011,AZ,108.99,,DECLINED
C1167,01/05/2024,5999,DE,$131.99, ,Approved 
C1172,01/02/2025,6011,US,$195.89,,declined
C1092,02/10/2024,5411,IT,144.19,ECOM,APPROVED
C1163,30/01/2025,5812,FR,108.69,ECOM,APPROVED
C1111,2024-04-06,5999,US,246173.42,ECOM,declined
C1038,2025-02-28,5812,TR ,$80.34,MOTO,Approved 
C1050,2025-05-12,5541,GB,$31.82,,PENDING
C1005,2024-08-31,5999,DE,150.83, ,declined
C1126,2024-05-16,5732,DE,154.82,ATM,approved
C1071,2024-04-03,5732,TR ,211.76,ATM,APPROVED
C1062,05/06/2025,5541,TR ,121.01,ATM,APPROVED
C1017,2024-03-21,5732,AZ,$65.57,MOTO,APPROVED
C1081,2025-04-22,4111,IT,210.47,MOTO,approved
C1127,23/10/2024,4111,US,$76.15,ATM,APPROVED
C1181,16/03/2024,5411,AZ,99.52, ,APPROVED
C1066,2025-03-27,5411,TR ,149.35, ,declined
C1029,19/03/2025,4111,IT,-204.68, ,DECLINED
C1003,2024-01-11,5732,DE,$98.13,,PENDING
C1119,2024-04-19,5999,DE,$130.11,,DECLINED
C1081,2025-01-02,5812,US,168.52,POS,APPROVED
C1161,2024-07-30,5541,US,91.98,POS,declined
C1007,2025-01-11,4111,FR,$120.19,,Approved 
C1062,2025-02-01,6011,AZ,$82.89,ECOM,DECLINED
C1140,11/11/2024,5732,IT,$173.62,POS,APPROVED
C1122,04/08/2024,5732,IT,52.91,,approved
C1046,2024-03-15,5541,US,24.43, ,PENDING
C1188,09/01/2024,5812,DE,219.18,ECOM,DECLINED
C1049,2024-08-22,5999,US,$108.70, ,PENDING
C1020,2024-02-05,5411,FR,57.79,ECOM,APPROVED
C1035,2025-02-19,5812,GB,$144.61,,declined
C1131,2025-02-06,5732,GB,$55.40,,declined
C1088,2025-06-22,6011,US,$53.48,,declined
C1011,2024-01-04,6011,AZ,72.21,POS,APPROVED
C1197,04/12/2024,5411,GB,$115.23,,APPROVED
C1008,2024-01-22,5411,IT,38.08,POS,Approved 
C1012,2024-07-30,5411,TR ,$220.07,,declined
C1159,25/02/2025,5812,US,82.33,ECOM,approved
C1122,2025-01-06,5732,FR,60.96,ECOM,PENDING
C1008,16/02/2024,5541,TR ,17.81, ,DECLINED
C1152,2025-02-24,5541,IT,103.68,ECOM,PENDING
C1037,2025-05-13,5411,GB,$35.20,POS,PENDING
C1045,2024-03-14,6011,AZ,$96.23,,Approved 
C1191,2024-05-23,6011,GB,$70.49,POS,approved
C1181,02/02/2024,5812,TR ,105.21,ECOM,APPROVED
C1000,2025-06-04,5732,GB,159.28,,approved
C1026,14/06/2024,5411,DE,250.93,ATM,approved
C1189,03/04/2025,5541,FR,117.48,,DECLINED
C1036,2024-02-10,5541,AZ,191.57,MOTO,declined
C1161,2024-06-06,5999,FR,143.71,,declined
C1029,05/01/2025,4111,FR,93.23, ,PENDING
C1163,25/05/2025,5732,IT,157.39,ECOM,declined
C1188,2025-02-02,4111,IT,135.86,POS,APPROVED
C1068,2024-09-10,5541,TR ,-155.63,ECOM,PENDING
C1180,2024-04-03,5812,GB,151.94,,PENDING
C1088,24/09/2024,5999,GB,$-125.87,,PENDING
C1002,27/09/2024,5411,FR,$156.72,MOTO,DECLINED
C1151,12/12/2024,5999,AZ,251.56,ECOM,declined
C1061,15/11/2024,4111,GB,89.45,ECOM,Approved 
C1144,19/02/2025,6011,FR,162.61,,DECLINED
C1184,2024-01-06,5999,IT,89.87,,Approved 
C1123,2024-09-14,5812,IT,$44.20, ,Approved 
C1186,04/02/2024,6011,GB,159.1,ECOM,approved
C1107,11/10/2024,6011,IT,132.98, ,DECLINED
C1155,10/02/2024,5541,US,$133.89,MOTO,declined
C1052,16/02/2025,5999,IT,$114.80,ATM,DECLINED
C1037,2025-02-15,5999,DE,$85.22,,Approved 
C1050,07/05/2025,5541,GB,$72.51,MOTO,DECLINED
C1067,2024-12-23,5541,US,$130.99,,Approved 
C1076,16/06/2025,6011,AZ,$243.09,ECOM,Approved 
C1176,2025-06-02,6011,IT,181.73, ,Approved 
C1082,2024-09-15,5732,AZ,201.11,MOTO,PENDING
C1027,2024-07-24,4111,TR ,$234.86,,DECLINED
C1190,08/05/2024,5411,AZ,$103.63, ,Approved 
C1175,25/03/2024,5999,GB,219.84,,PENDING
C1012,2024-12-11,4111,AZ,134.97,MOTO,APPROVED
C1071,20/12/2024,4111,AZ,$213.67,,Approved 
C1107,2025-04-10,6011,DE,$74.31, ,DECLINED
C1066,20/12/2024,5732,GB,$177.36, ,Approved 
C1039,2024-04-07,6011,US,185.85,,PENDING
C1096,2024-12-30,6011,IT,$120.43,ATM,approved
C1137,25/02/2024,6011,DE,$52.26, ,declined
C1082,10/02/2025,5541,FR,$172.07,POS,DECLINED
C1130,2024-02-05,5812,TR ,$87.64,ATM,PENDING
C1139,2025-06-06,5812,US,$31.17,ECOM,declined
C1052,09/04/2025,5999,DE,243.94, ,APPROVED
C1096,09/02/2024,5411,TR ,81.95,ECOM,declined
C1150,2024-09-11,5732,GB,104.99, ,approved
C1010,06/01/2024,5541,DE,17.44,,APPROVED
C1055,31/10/2024,5411,FR,$8.85,,approved
C1128,04/09/2024,5999,FR,30.58,ATM,approved
C1109,2024-02-17,5812,US,185074.5,POS,approved
C1199,2025-03-15,5411,IT,$129.72, ,declined
C1198,02/06/2025,5999,AZ,-1.6, ,APPROVED
C1022,2025-06-02,6011,IT,$-62.73,ECOM,approved
C1010,15/04/2025,5812,AZ,113.81,POS,DECLINED
C1053,2024-09-10,4111,TR ,47.87,,PENDING
C1172,2024-07-29,5411,DE,$72.31,,APPROVED
C1089,2024-11-14,5999,US,127.81,MOTO,approved
C1094,22/05/2024,5999,IT,0.51, ,PENDING
C1144,2024-03-05,5541,IT,246.73, ,declined
C1193,09/01/2025,5999,TR ,$53.43,,approved
C1051,2024-10-03,4111,TR ,71.64,MOTO,DECLINED
C1019,27/10/2024,5732,DE,149.1,,declined
C1031,2025-01-19,4111,TR ,74.18,POS,DECLINED
C1149,15/06/2025,5411,TR ,191.84,POS,PENDING
C1021,05/04/2025,5541,TR ,27.86,POS,PENDING
C1010,2024-04-05,6011,DE,128.3,,DECLINED
C1024,13/02/2025,5812,AZ,$185.04,POS,DECLINED
C1093,2024-04-08,6011,DE,$107.17,,APPROVED
C1060,20/09/2024,6011,GB,151.59,,APPROVED
C1116,2024-02-15,5732,AZ,88.9,MOTO,declined
C1028,13/06/2024,4111,DE,-9.43,POS,DECLINED
C1071,2025-02-09,5812,FR,20.0,,Approved 
C1191,28/02/2025,4111,TR ,$106.99,ECOM,approved
C1097,2024-05-05,5812,US,207.47,,declined
C1121,2024-11-26,5999,US,$136.08,,declined
C1070,15/05/2025,4111,FR,$191.06,ATM,DECLINED
C1055,2025-04-07,5411,GB,111.48,,declined
C1066,2024-06-04,6011,FR,103.27,MOTO,DECLINED
C1078,23/02/2024,5812,GB,151.36,POS,APPROVED
C1104,2025-06-05,4111,AZ,84.58,ECOM,PENDING
C1159,18/12/2024,6011,GB,$214.75,ATM,Approved 
C1065,2024-01-14,5411,DE,45.59,ATM,PENDING
C1053,30/01/2025,6011,AZ,$104.91,MOTO,DECLINED
C1147,2025-05-18,5732,IT,$87.50,,declined
C1172,2024-03-05,5411,IT,148.83,MOTO,DECLINED
C1133,2024-01-25,5541,IT,103.37,,approved
C1030,11/05/2024,4111,TR ,92.87, ,PENDING
C1029,09/07/2024,5541,GB,$63.34,,APPROVED
C1123,19/05/2024,6011,IT,69.54,ECOM,declined
C1021,19/06/2025,5732,US,$130.82,,approved
C1016,2024-02-23,5732,IT,262.62,ECOM,DECLINED
C1086,2024-11-19,5411,US,148589.0,,DECLINED
C1062,2024-02-11,5999,AZ,$96.78,ECOM,DECLINED
C1031,2024-07-31,5999,GB,161.46, ,approved
C1076,04/05/2024,6011,DE,$118.05,ECOM,DECLINED
C1021,05/12/2024,5732,FR,118.24,ATM,PENDING
C1187,02/01/2024,5732,US,$47.50,POS,declined
C1085,21/04/2025,5541,US,$193.22,ECOM,Approved 
C1092,22/12/2024,5999,TR ,$153.62, ,Approved 
C1156,06/01/2024,5411,DE,133.0, ,DECLINED
C1109,18/03/2025,6011,US,152.92, ,declined
C1130,2024-06-22,4111,DE,59.92,,DECLINED
C1188,2024-01-03,4111,IT,$112.61,,Approved 
C1116,2025-04-20,5812,GB,$95.58, ,declined
C1072,16/07/2024,5411,DE,$45.05,MOTO,declined
C1163,02/06/2024,6011,FR,117.15,,DECLINED
C1031,2024-09-27,5999,TR ,67.47,ATM,Approved 
C1057,24/02/2025,5411,AZ,$76.63,ECOM,PENDING
C1015,22/06/2025,4111,GB,106.5,ECOM,DECLINED
C1107,23/03/2025,5732,DE,89.1,,PENDING
C1099,05/12/2024,4111,US,71.03,,APPROVED
C1196,31/12/2024,5732,IT,$73.41, ,declined
C1176,14/11/2024,5411,AZ,$110.10, ,Approved 
C1111,23/04/2025,4111,GB,163.58,ATM,declined
C1088,2025-02-13,5732,TR ,116.33,MOTO,PENDING
C1141,29/06/2024,5541,TR ,-4.32,,Approved 
C1056,21/06/2024,6011,DE,56.78,,APPROVED
C1119,06/01/2024,5812,GB,165.82, ,DECLINED
C1011,20/02/2024,5999,DE,65.78, ,PENDING
C1162,2025-03-13,5732,TR ,100.0,ECOM,approved
C1149,16/11/2024,5411,FR,$147.89,,APPROVED
C1059,02/06/2025,5812,GB,148.03,POS,declined
C1189,14/09/2024,5541,GB,$135.59,ECOM,PENDING
C1051,08/03/2024,5541,US,115309.37,,approved
C1019,2025-06-06,5411,FR,120943.16,,approved
C1120,16/04/2025,5999,DE,189.09,MOTO,Approved 
C1034,21/12/2024,5541,IT,$162.56, ,PENDING
C1183,2024-07-19,6011,DE,$95.55,,DECLINED
C1143,29/01/2024,5732,FR,$77.82,,approved
C1002,2024-01-18,5411,IT,$34.45,,Approved 
C1128,07/04/2024,5411,IT,105.51,POS,Approved 
C1063,2024-11-29,5812,TR ,140.34,ECOM,declined
C1159,2025-03-09,5541,FR,-4.28,,Approved 
C1102,30/04/2024,5999,FR,82.46, ,Approved 
C1093,2024-01-20,5541,DE,51.16,ECOM,approved
C1074,16/02/2024,5812,DE,102.64,MOTO,approved
C1109,24/02/2024,4111,IT,$92.39,,PENDING
C1022,28/02/2024,5411,GB,$62.71,,APPROVED
C1139,18/04/2025,5999,FR,56.47,ECOM,approved
C1198,13/04/2024,5411,DE,$12.96, ,Approved 
C1163,2025-02-04,5541,GB,$123.71,POS,Approved 
C1054,2025-05-10,5732,IT,64.97,ATM,APPROVED
C1186,25/05/2025,5541,AZ,138.72, ,APPROVED
C1133,17/04/2024,5732,GB,79.94,POS,APPROVED
C1065,27/11/2024,6011,FR,104.72,ATM,PENDING
C1123,30/04/2024,6011,FR,$-114.13,,PENDING
C1113,11/05/2025,5812,IT,$138.09,,declined
C1110,01/08/2024,5411,DE,133.86,MOTO,PENDING
C1116,08/05/2025,5411,IT,139.42,,Approved 
C1061,2024-12-04,5411,DE,$143.54, ,declined
C1004,2024-09-01,5999,GB,129.65,,declined
C1051,2024-09-24,5999,TR ,$40.74,POS,DECLINED
C1120,2024-12-25,5812,TR ,130.64,ECOM,approved
C1055,2024-11-21,5732,US,52.93,ATM,DECLINED
C1187,2024-11-20,5999,GB,$211.58,ECOM,approved
C1066,13/05/2025,6011,TR ,$181.29,POS,declined
C1193,2024-12-17,5812,IT,$35.19,ECOM,Approved 
C1148,11/09/2024,5732,US,155.67, ,approved
C1066,14/06/2024,5541,AZ,148.23,POS,APPROVED
C1028,15/01/2025,5411,AZ,$167.45,,approved
C1144,2024-01-26,6011,IT,124.61,POS,PENDING
C1122,2025-06-21,5812,US,$-75.65,POS,declined
C1139,03/01/2024,6011,AZ,$42.39,ATM,declined
C1094,11/06/2024,6011,TR ,$55.02,MOTO,PENDING
C1038,10/02/2024,4111,IT,155.92,,Approved 
C1014,2025-01-02,5732,AZ,$119.87,MOTO,approved
C1133,2024-02-20,5999,US,$7.12, ,APPROVED
C1123,10/05/2025,5812,DE,$126.02,POS,APPROVED
C1025,26/05/2025,5999,TR ,$103.40,POS,DECLINED
C1056,2025-01-08,5411,GB,$114.48,POS,Approved 
C1034,21/03/2024,4111,TR ,$150.87,MOTO,approved
C1020,27/01/2024,5541,FR,188.89,,APPROVED
C1139,2024-06-13,5411,AZ,-13.17,ECOM,PENDING
C1184,2024-04-16,4111,AZ,57.37,MOTO,APPROVED
C1085,2025-01-14,5999,AZ,116.16,ECOM,DECLINED
C1106,16/08/2024,5999,US,$210.84,ECOM,PENDING
C1144,18/10/2024,6011,AZ,75.71,,PENDING
C1008,2024-02-28,5411,US,$32.81, ,declined
C1122,2024-08-29,5541,AZ,250.09,MOTO,DECLINED
C1132,03/02/2025,5812,IT,187.74,MOTO,declined
C1192,06/06/2024,5999,IT,93.1,,approved
C1048,2024-06-20,5732,US,135.16,,PENDING
C1063,2024-07-14,5732,IT,$149.28,MOTO,Approved 
C1168,07/02/2025,5999,FR,$23.87,MOTO,approved
C1189,30/01/2024,5411,US,$102.03, ,declined
C1105,2024-01-15,5541,US,158.88,,DECLINED
C1120,12/03/2025,5812,TR ,$100.70,,DECLINED
C1046,2025-03-02,5732,US,$57.96,MOTO,PENDING
C1021,2024-11-03,5411,US,$96.32,,APPROVED
C1075,2024-12-12,5999,AZ,39.03,,PENDING
C1024,2024-10-03,6011,AZ,135.16,,declined
C1154,31/05/2025,5732,IT,112.36,MOTO,Approved 
C1180,07/07/2024,5999,AZ,$43.19,POS,declined
C1117,2025-01-21,4111,US,131.74,POS,approved
C1165,2024-10-20,5732,US,72.44,POS,declined
C1081,29/11/2024,5999,AZ,107.32,,approved
C1065,21/01/2025,5732,TR ,88.33,MOTO,approved
C1105,2025-04-20,5541,US,$226.43,ECOM,DECLINED
C1141,07/08/2024,4111,US,37.48,,APPROVED
C1097,31/07/2024,5541,AZ,$137.68,,approved
C1082,2025-03-29,5541,AZ,100.2,POS,approved
C1110,12/04/2025,5999,DE,35.11,POS,declined
C1001,20/02/2024,5411,US,$43.01, ,Approved 
C1149,2024-12-27,5999,FR,$81.96,MOTO,DECLINED
C1038,11/06/2024,5999,AZ,$121.78,MOTO,DECLINED
C1000,2024-04-03,5732,IT,40.62,,Approved 
C1004,09/05/2024,5999,GB,168.79,POS,approved
C1145,2024-10-09,5411,GB,91.13,POS,approved
C1015,2024-09-19,5812,AZ,80.11,,DECLINED
C1024,29/05/2024,5411,US,$236.22,ECOM,APPROVED
C1091,24/10/2024,6011,GB,$172.75,,DECLINED
C1091,05/09/2024,5411,AZ,$132.28,,DECLINED
C1024,22/01/2025,5541,TR ,194.8,ECOM,declined
C1011,09/08/2024,5411,GB,136.38,,approved
C1129,2025-01-17,5999,GB,97.23,ATM,PENDING
C1001,2025-02-03,5999,DE,132.47, ,PENDING
C1019,01/10/2024,5411,DE,153.01,,APPROVED
C1062,10/11/2024,5541,IT,$156.05,POS,DECLINED
C1135,2024-02-25,4111,DE,$96.61, ,PENDING
C1167,15/12/2024,5812,DE,74.19,ATM,DECLINED
C1143,31/01/2024,5411,FR,106.06,ECOM,PENDING
C1191,08/02/2024,5999,AZ,94.48,,APPROVED
C1077,2024-05-23,5999,FR,159.48,POS,Approved 
C1015,09/09/2024,5732,GB,-6.88,MOTO,DECLINED
C1141,02/04/2024,5999,DE,169.0,MOTO,declined
C1198,2024-08-17,5541,FR,$265.07,ATM,Approved 
C1135,2024-05-21,6011,FR,93.54,ECOM,APPROVED
C1083,16/07/2024,5812,AZ,88.73, ,PENDING
C1090,03/12/2024,6011,US,$100.10,,PENDING
C1026,2024-08-31,5999,AZ,$98.20, ,Approved 
C1013,2024-07-26,6011,FR,118.06,,Approved 
C1075,17/04/2024,5999,IT,55.52,,Approved 
C1001,2025-02-09,5732,AZ,111.09,,DECLINED
C1074,2024-07-11,5732,US,102.13,POS,PENDING
C1025,05/08/2024,5541,TR ,125.01,MOTO,APPROVED
C1165,2024-05-09,5812,TR ,123.46,,APPROVED
C1153,2024-06-07,6011,GB,56.33,MOTO,APPROVED
C1190,30/06/2024,6011,FR,$247.54,MOTO,Approved 
C1120,2025-01-19,6011,DE,235.83,,APPROVED
C1032,2025-06-10,5732,FR,94.23,,APPROVED
C1183,12/10/2024,5812,AZ,$28.25,MOTO,PENDING
C1127,19/05/2024,5541,TR ,$148.54,POS,Approved 
C1189,2024-01-04,5999,IT,98.48,,DECLINED
C1020,17/03/2024,6011,TR ,$152.32,ECOM,approved
C1142,12/10/2024,5732,FR,-32.79,ATM,APPROVED
C1050,07/11/2024,5999,DE,186.59,ATM,approved
C1180,14/01/2024,5732,FR,260.84,ATM,DECLINED
C1149,25/04/2024,5541,FR,$164.85,MOTO,approved
C1055,27/12/2024,5999,US,165.75,POS,DECLINED
C1190,2024-07-03,5411,IT,$96.24,MOTO,approved
C1059,2024-09-21,5541,GB,204.87, ,Approved 
C1027,2024-01-27,5999,FR,$169.06,MOTO,DECLINED
C1156,14/09/2024,5411,IT,$115.31,ECOM,approved
C1168,23/09/2024,5999,DE,112.01,,APPROVED
C1044,16/10/2024,5732,TR ,156.66,ECOM,declined
C1067,27/04/2024,5541,DE,152.87,,APPROVED
C1035,23/02/2024,6011,GB,124.83,ECOM,Approved 
C1019,2024-08-04,4111,AZ,148.62,POS,declined
C1065,10/04/2024,5411,DE,208.11,ECOM,APPROVED
C1015,2025-02-18,5541,AZ,93.03,,DECLINED
C1121,2024-10-07,6011,DE,150.73,MOTO,approved
C1037,05/12/2024,6011,GB,$28.33,ATM,Approved 
C1084,31/08/2024,4111,AZ,172.01,ECOM,approved
C1083,14/02/2024,4111,TR ,128.2,,declined
C1045,19/02/2025,4111,AZ,66.08,,declined
C1190,2025-05-20,5812,FR,146.46,ECOM,declined
C1102,02/08/2024,5732,IT,$180.65,,Approved 
C1041,10/03/2025,6011,IT,198.81, ,Approved 
C1107,25/05/2024,5541,TR ,170.17,,DECLINED
C1013,06/09/2024,6011,IT,$149.50,,APPROVED
C1149,2025-02-27,5812,US,57.74, ,DECLINED
C1041,01/03/2024,6011,IT,107.57,ATM,PENDING
C1011,2024-05-27,5541,GB,102.17,,approved
C1069,18/05/2024,4111,GB,92.12,,approved
C1031,2024-12-31,5999,FR,93.54,,approved
C1165,10/11/2024,5999,FR,80.59,MOTO,Approved 
C1147,04/02/2024,5999,US,$42.47,ECOM,approved
C1134,24/04/2025,5541,TR ,$176.08,MOTO,declined
C1062,2024-02-20,6011,TR ,$49.03, ,PENDING
C1192,15/03/2025,5812,FR,$168.09,POS,approved
C1025,2024-10-18,5999,IT,$196.08,,DECLINED
C1020,2025-02-28,6011,AZ,119.35,,Approved 
C1109,2024-12-02,5541,DE,$81.01,,DECLINED
C1090,2024-09-22,4111,AZ,142.92,POS,PENDING
C1035,03/09/2024,5812,IT,$138.92,,declined
C1102,14/07/2024,5999,DE,$77.68, ,PENDING
C1052,17/06/2025,5732,FR,59.68,MOTO,approved
C1141,19/03/2024,5999,US,141.16,ATM,PENDING
C1051,20/03/2025,4111,FR,64.41,,APPROVED
C1058,22/10/2024,4111,TR ,177.92,POS,DECLINED
C1165,2025-06-12,6011,TR ,$172.35,,approved
C1038,2024-08-10,5732,US,214.04,ECOM,declined
C1168,17/12/2024,5812,AZ,$51.39,,DECLINED
C1189,11/05/2025,5541,US,94.03,ATM,declined
C1060,2025-04-11,5812,GB,146.96, ,DECLINED
C1121,2024-06-07,5732,FR,115.94,,declined
C1057,11/12/2024,6011,FR,$132.97,ECOM,PENDING
C1103,2024-10-15,6011,FR,205.86,,APPROVED
C1126,21/05/2025,5732,TR ,32.54,POS,PENDING
C1142,2024-04-21,5411,AZ,89.78,POS,declined
C1107,2025-02-16,4111,TR ,3.93,ECOM,approved
C1147,31/05/2025,5541,IT,160.66,,DECLINED
C1059,2025-06-08,5411,TR ,$179.23,ATM,Approved 
C1033,2025-05-26,4111,US,113.43,,DECLINED
C1123,25/12/2024,4111,TR ,71.99,,APPROVED
C1004,24/04/2025,5999,DE,$208.09, ,APPROVED
C1092,25/07/2024,5812,FR,174.37,POS,declined
C1167,2024-04-22,4111,FR,234.33, ,Approved 
C1171,2024-02-11,5541,IT,92.87,MOTO,Approved 
C1116,2024-09-19,4111,US,214.19,ECOM,approved
C1198,07/07/2024,6011,IT,177977.26,,DECLINED
C1095,23/05/2025,4111,FR,213.92,ATM,Approved 
C1166,08/08/2024,6011,AZ,94.13,MOTO,DECLINED
C1111,2024-09-04,5999,AZ,68.05,MOTO,approved
C1085,2024-08-24,5541,US,$50.90,ECOM,declined
C1106,06/07/2024,5999,US,-26.6,ATM,DECLINED
C1072,2024-05-09,5411,IT,$168.56, ,DECLINED
C1115,23/04/2024,5732,IT,$103.24, ,declined
C1159,2024-01-21,4111,US,131.29,,Approved 
C1046,2024-06-08,5812,GB,73.14, ,declined
C1061,2024-02-14,5541,TR ,244468.13, ,approved
C1160,22/11/2024,4111,FR,92.63,POS,Approved 
C1065,2024-03-14,5999,FR,121.34,ECOM,APPROVED
C1110,09/12/2024,5411,US,-15.25,POS,PENDING
C1199,2025-04-26,6011,TR ,$111.74,ATM,DECLINED
nan,01/06/2025,5999,FR,181.14, ,declined
C1104,2024-11-24,5411,TR ,47.01,,Approved 
C1145,12/02/2025,5541,TR ,$145.71,,PENDING
C1006,2024-02-28,6011,AZ,$135.92,,PENDING
C1144,29/08/2024,5732,GB,$116.84,POS,APPROVED
C1133,2024-05-01,5812,IT,157.37,ATM,APPROVED
C1124,03/05/2024,5732,AZ,111.5,,Approved 
C1060,2024-09-13,6011,IT,104.76,ATM,PENDING
C1172,29/11/2024,6011,FR,68.87,,DECLINED
C1087,12/10/2024,5999,GB,113.42,ATM,APPROVED
C1091,18/04/2024,5411,TR ,125.53,ATM,Approved 
C1064,2024-11-25,5541,IT,90.91,ATM,declined
C1165,10/08/2024,6011,TR ,52.08,POS,DECLINED
C1193,23/05/2024,5999,GB,-85.45, ,declined
C1177,01/12/2024,5732,GB,37.68,POS,DECLINED
C1093,28/08/2024,5411,AZ,110.58, ,DECLINED
C1089,2024-04-13,5541,GB,37.04,ECOM,PENDING
C1167,2025-04-25,5999,GB,$165.01,POS,declined
C1074,10/09/2024,5999,DE,77.27,ECOM,PENDING
C1193,2024-09-17,5999,FR,155.05,ATM,declined
C1062,18/02/2025,5541,GB,-29.73,ECOM,APPROVED
C1089,11/07/2024,5411,US,23.57,,declined
C1095,28/04/2025,5411,IT,172.25,ECOM,Approved 
C1071,16/02/2025,4111,AZ,$141.88, ,DECLINED
C1112,2025-04-22,6011,US,169.68,,Approved 
C1179,02/10/2024,6011,GB,$136.76,ATM,approved
C1054,29/06/2024,5812,GB,121.47,POS,PENDING
C1101,2024-12-30,5541,DE,234.99,,DECLINED
C1067,2025-06-23,5732,TR ,$51.84,ATM,declined
C1184,23/01/2025,4111,IT,155.53,ECOM,APPROVED
C1024,2025-01-24,5999,IT,$163.19, ,DECLINED
nan,10/04/2025,5732,US,26.19,ECOM,Approved 
C1039,2024-07-31,5411,IT,155.53, ,PENDING
C1031,2025-04-21,6011,GB,100.58,,Approved 
C1081,2024-01-03,5999,FR,$29.91,MOTO,DECLINED
C1089,2025-06-19,5732,IT,189.08,,DECLINED
C1055,09/06/2024,5999,AZ,84.76,ATM,DECLINED
C1048,07/03/2025,4111,TR ,94.81,MOTO,approved
C1156,2024-12-19,5541,US,137.93,MOTO,Approved 
C1192,2024-02-06,5732,IT,$130.90,ECOM,Approved 
C1109,06/09/2024,5812,GB,$110.17, ,PENDING
C1002,01/12/2024,5732,US,90.85,,PENDING
C1088,22/05/2025,6011,US,$237.06,ECOM,PENDING
C1120,2025-06-07,6011,US,5.03,POS,approved
C1013,09/08/2024,4111,US,$143.29,ECOM,Approved 
C1056,2024-05-31,4111,TR ,103.03,POS,APPROVED
C1129,2024-05-05,5732,US,196.44,ECOM,declined
C1055,2024-12-16,5732,TR ,87.08, ,PENDING
C1166,10/06/2024,4111,DE,69.49,ECOM,PENDING
C1106,2025-04-20,6011,IT,48.36, ,PENDING
C1022,07/02/2024,5732,AZ,$219.85,,Approved 
C1033,07/09/2024,6011,GB,$193.57, ,APPROVED
C1133,23/06/2024,4111,TR ,$-197.64,POS,DECLINED
C1064,20/03/2025,4111,FR,134.69,ECOM,DECLINED
C1082,2024-03-05,5411,TR ,$89.43, ,approved
C1092,22/02/2025,6011,DE,$131.05,,DECLINED
C1130,10/05/2024,6011,US,200.64,ATM,PENDING
C1064,23/04/2024,5541,FR,143.69,,declined
C1183,10/05/2025,5732,FR,168.95,ECOM,Approved 
C1086,08/08/2024,5541,FR,91.17,MOTO,APPROVED
C1042,2024-11-24,5732,DE,160.37,ECOM,APPROVED
C1155,2024-02-02,6011,AZ,$-106.71,,PENDING
C1047,2025-04-08,5999,DE,55.11, ,APPROVED
C1026,2024-01-04,5541,DE,$155.18,MOTO,Approved 
C1022,04/01/2024,5411,IT,$149.04, ,APPROVED
C1108,2025-02-02,5812,GB,140.74,MOTO,Approved 
C1087,2024-10-13,6011,GB,$36.16, ,APPROVED
C1198,2024-03-03,6011,GB,"$131,176.66",,approved
C1187,2024-10-25,5812,TR ,108.78,ATM,DECLINED
C1139,2024-05-24,5732,DE,$164.16,ECOM,APPROVED
C1092,2024-05-03,5411,TR ,$86.07,ATM,DECLINED
C1195,26/06/2024,5541,US,105.79,MOTO,declined
C1014,2024-09-16,5999,DE,228.48, ,declined
C1037,05/03/2024,5812,US,125.86, ,APPROVED
C1162,10/05/2025,5999,IT,$123.11,ATM,APPROVED
C1083,18/04/2024,6011,FR,135.81, ,Approved 
C1067,27/10/2024,4111,FR,$195.78, ,DECLINED
C1077,14/01/2025,5541,DE,161.42,MOTO,APPROVED
C1150,2025-05-09,6011,DE,$109.67, ,approved
C1043,2024-03-19,5541,AZ,$111.97,ECOM,APPROVED
C1148,01/12/2024,5411,AZ,52.05,ECOM,approved
C1017,21/02/2025,5999,TR ,2.94,POS,PENDING
C1072,2024-06-30,5411,AZ,165.69,ECOM,approved
C1144,2024-02-17,4111,IT,168.83,ATM,PENDING
C1079,19/12/2024,5999,TR ,$117.26,ECOM,Approved 
C1034,2024-04-10,5812,DE,$106.94,MOTO,DECLINED
C1056,11/10/2024,5732,FR,$280.66,ECOM,Approved 
C1159,2024-11-30,5541,FR,182.08,MOTO,DECLINED
C1178,2025-03-11,6011,TR ,$220.75,ATM,DECLINED
C1102,2024-03-10,5541,US,$123.96,ECOM,approved
C1096,2024-01-27,5411,GB,236.45,MOTO,Approved 
C1090,2024-02-13,5812,DE,174.91,ATM,PENDING
C1051,07/09/2024,6011,AZ,$211.30, ,APPROVED
C1149,2024-10-18,6011,DE,114.6,,declined
C1013,2024-12-31,5411,AZ,$89.91, ,Approved 
C1120,03/05/2024,5999,US,$123.96,,DECLINED
C1072,03/12/2024,4111,IT,$183.11, ,Approved 
C1062,06/06/2025,5812,US,47.16, ,declined
C1192,2024-01-02,5541,US,$123.46,,declined
C1114,2025-04-07,6011,TR ,$182.89,POS,DECLINED
C1051,19/08/2024,5812,DE,$75.67,,PENDING
C1196,20/02/2025,5812,TR ,$63.72,,APPROVED
C1162,21/12/2024,5812,FR,$61.05,ATM,declined
C1092,18/07/2024,5732,DE,112.57,,APPROVED
C1172,2025-05-24,5732,GB,176.1,,PENDING
C1166,10/05/2024,5999,IT,$135.32, ,PENDING
C1168,03/12/2024,5541,GB,$200.97,,Approved 
C1112,02/04/2025,5732,FR,156.95,,approved
C1081,15/11/2024,5732,GB,81.4,,PENDING
C1048,2024-12-19,4111,TR ,$173.95,,APPROVED
C1131,2024-05-15,5541,AZ,91.64,ATM,PENDING
C1135,07/02/2025,5999,DE,$52.76, ,Approved 
C1195,2024-04-12,6011,DE,92.77,ECOM,Approved 
C1110,2024-12-04,5541,GB,$152.08,POS,approved
C1028,2025-06-04,5541,FR,85.75,MOTO,PENDING
C1053,08/07/2024,5732,TR ,317.44,,Approved 
C1191,21/04/2024,5541,FR,$82.11,MOTO,DECLINED
C1183,2024-05-19,4111,TR ,$243.77,ATM,PENDING
C1108,29/02/2024,5541,IT,147.56,,declined
C1018,31/01/2025,5732,DE,179.98,,APPROVED
C1111,02/09/2024,5411,AZ,64.75,POS,approved
C1149,22/06/2025,5411,US,-70.7,ECOM,APPROVED
C1071,2024-02-05,5541,DE,$144.19,POS,APPROVED
C1090,2025-01-08,5411,IT,$113.37, ,approved
C1011,23/01/2025,6011,FR,193.21, ,PENDING
C1027,07/11/2024,5999,DE,58.15, ,DECLINED
C1080,11/06/2025,5732,GB,"$246,236.75",,declined
C1104,2024-06-30,6011,IT,121.18,POS,APPROVED
C1161,02/10/2024,5541,GB,162.96,,PENDING
C1129,07/04/2025,5812,GB,$173.57,,Approved 
C1138,2025-05-08,5541,FR,192.21,ATM,declined
C1115,2025-05-27,5411,GB,-61.15,MOTO,declined
C1101,2025-03-15,5411,DE,$181.92,,PENDING
C1137,01/04/2025,5541,GB,119.37,MOTO,Approved 
C1025,30/12/2024,5999,DE,211.41,ECOM,PENDING
C1063,07/04/2025,5411,AZ,"$104,668.66", ,approved
C1039,01/01/2024,5411,DE,71.0,ATM,approved
C1098,23/05/2024,5732,TR ,127.08, ,DECLINED
C1123,2024-05-05,5732,FR,$101.53,,APPROVED
C1082,2024-01-05,5411,US,$214.20,,approved
C1177,2024-02-23,5732,FR,110.39,POS,Approved 
C1167,28/03/2025,6011,TR ,$80.47,ATM,DECLINED
C1115,2024-11-16,5411,IT,108.1,MOTO,Approved 
C1057,2024-03-23,5812,IT,$119.71,,PENDING
C1185,2024-02-26,5732,US,73.69,,DECLINED
C1182,2025-06-11,5812,AZ,$82.29,ATM,approved
C1026,2024-01-04,5541,DE,$155.18,MOTO,Approved 
C1162,13/12/2024,5541,IT,$78.19,,approved
C1089,11/05/2025,5541,TR ,80.92,ECOM,PENDING
C1100,2024-01-02,5411,AZ,166.29,,approved
C1136,22/03/2024,5541,FR,$184.16,MOTO,Approved 
C1149,08/02/2025,5812,DE,165.62, ,PENDING
C1132,2024-06-27,5732,TR ,183.12,,PENDING
C1137,2025-03-08,6011,IT,170.6,ECOM,Approved 
C1026,2024-07-14,5411,GB,14.41,,PENDING
C1147,30/01/2025,5812,US,$79.35,POS,declined
C1167,06/03/2024,5999,GB,$126.19,,Approved 
C1057,2024-03-29,6011,AZ,$92.35,ATM,Approved 
C1183,06/05/2025,5732,IT,$111.12,MOTO,APPROVED
C1155,2025-02-25,5732,DE,252.71,,declined
C1062,25/04/2024,4111,FR,$31.93,,declined
C1109,14/12/2024,5812,FR,105.92,ATM,DECLINED
C1166,05/04/2024,5411,IT,116.71,ECOM,approved
C1199,2024-03-23,6011,FR,116.28,,Approved 
C1082,2025-04-01,5411,US,92.78,,approved
C1025,2024-12-20,5812,DE,182.24, ,APPROVED
C1034,2024-07-05,5732,GB,136.91,,DECLINED
C1177,2024-12-08,5812,US,76.2,ECOM,declined
C1101,04/08/2024,4111,TR ,127.64, ,PENDING
C1116,2025-03-08,5812,TR ,$147.50,MOTO,APPROVED
C1160,2025-03-14,4111,DE,$193.97,MOTO,PENDING
C1136,2024-10-06,5812,FR,40.22,POS,PENDING
C1130,27/02/2025,4111,US,$144.65, ,approved
C1005,2024-05-12,5732,DE,133.92,ECOM,APPROVED
C1017,20/03/2024,6011,AZ,207.42,,DECLINED
C1185,2025-01-14,5732,TR ,59.78,,PENDING
C1006,07/06/2024,4111,IT,$109.49,MOTO,approved
C1079,12/04/2024,6011,GB,94.0,,DECLINED
C1127,11/11/2024,4111,TR ,$149.72, ,PENDING
C1014,2025-06-18,5999,IT,81.18,,DECLINED
C1037,2024-11-13,5812,IT,$116.58,,APPROVED
C1183,2025-03-30,4111,DE,75.01, ,PENDING
C1103,25/01/2025,5411,FR,$125.78,ATM,APPROVED
C1043,04/04/2025,5541,IT,$147.12,POS,declined
C1052,04/03/2024,5812,AZ,$147.57,ECOM,approved
C1123,2025-05-07,5812,AZ,61.34,,Approved 
C1003,02/09/2024,5411,IT,$275.52,POS,APPROVED
C1092,05/05/2024,5812,IT,252.66,POS,Approved 
C1186,14/02/2024,6011,US,195.21,,DECLINED
C1130,21/02/2025,5541,US,190.76,MOTO,PENDING
C1050,2024-01-01,5541,IT,113.79,ATM,DECLINED
C1001,22/12/2024,5732,GB,136.69,MOTO,Approved 
C1103,2025-01-03,5541,US,$93.59,ECOM,Approved 
C1106,02/10/2024,5541,AZ,7.74,,PENDING
C1033,10/10/2024,6011,DE,116.78,POS,DECLINED
C1157,2024-01-18,5812,FR,$18.69, ,PENDING
C1195,2025-04-25,5732,AZ,286.88,,APPROVED
C1129,12/03/2024,5541,GB,164.91,POS,declined
C1041,2024-07-31,5732,FR,$204.68,ATM,declined
C1060,2024-03-21,6011,GB,$83.23,,declined
C1045,2024-06-11,5812,AZ,151.56,ECOM,Approved 
C1036,2025-05-18,6011,IT,138.94, ,APPROVED
C1170,2025-03-03,6011,FR,$183.06,ECOM,Approved 
C1069,19/04/2025,5999,US,106.1,ATM,APPROVED
C1014,2024-06-07,5411,US,115.83,POS,approved
C1144,2025-01-01,6011,US,131.06,ATM,PENDING
C1008,20/03/2025,5812,AZ,86.31,ATM,APPROVED
C1187,09/06/2024,5732,IT,169.69,ECOM,declined
C1152,2024-02-02,5732,GB,185.36,,PENDING
C1113,28/02/2025,5541,DE,169.45,ECOM,DECLINED
C1110,15/05/2025,5411,US,195.03,ATM,APPROVED
C1062,01/03/2024,5411,FR,$213.78,,declined
C1118,30/05/2025,6011,TR ,11.51,ATM,declined
C1066,2025-04-16,5812,DE,$204.98,MOTO,approved
C1055,29/04/2025,5732,IT,-128.3,,PENDING
C1052,08/06/2024,6011,DE,181.33,ECOM,APPROVED
C1098,03/01/2024,4111,IT,97.7,,approved
C1100,2024-10-08,5541,DE,$124.00, ,declined
C1166,2024-07-10,6011,TR ,89.14,POS,approved
C1105,2024-05-24,5732,FR,48.82,,DECLINED
C1047,11/05/2024,5732,GB,168.15,MOTO,DECLINED
C1129,15/02/2024,5411,TR ,$165.78,MOTO,PENDING
C1199,14/04/2025,5812,IT,87.67,,PENDING
C1090,2025-04-23,5411,TR ,135.41,,PENDING
C1091,23/06/2024,5732,GB,237.42,,PENDING
C1155,24/01/2024,5732,IT,$136.49,POS,declined
C1104,25/07/2024,5999,GB,$160.76,MOTO,Approved 
C1080,2024-09-05,6011,GB,169.81,POS,APPROVED
C1050,17/11/2024,5541,FR,105.69, ,APPROVED
C1159,2024-09-15,5732,FR,160.96,ATM,DECLINED
C1006,28/10/2024,6011,FR,163.65, ,declined
C1020,12/10/2024,5999,AZ,41.62,,approved
C1134,13/01/2024,6011,TR ,$-12.80,POS,Approved 
C1009,09/10/2024,5541,AZ,$159.24,ECOM,APPROVED
C1023,04/06/2024,5812,AZ,164.15,,PENDING
C1179,2025-01-21,4111,GB,241.1,POS,APPROVED
C1109,2024-06-11,5999,DE,42.49,ECOM,approved
C1187,25/03/2024,5812,TR ,104.76,POS,approved
C1128,2024-09-10,5541,IT,155.36,MOTO,DECLINED
C1097,2024-04-10,5999,AZ,89.92,ATM,DECLINED
C1126,13/07/2024,4111,IT,150.56,,Approved 
C1078,03/04/2024,4111,FR,$87.38,POS,Approved 
C1077,20/04/2025,6011,AZ,106.23,MOTO,DECLINED
C1032,2024-11-17,5812,AZ,177.39,ECOM,PENDING
C1131,26/01/2025,6011,US,$135.31,MOTO,APPROVED
C1084,2024-11-16,5541,US,155.07,,DECLINED
C1180,28/11/2024,5812,GB,173.68,POS,approved
C1053,2025-06-01,5732,TR ,$136.57,MOTO,Approved 
C1127,10/11/2024,6011,FR,$104.35,,APPROVED
C1066,2025-05-29,5999,GB,140.21,MOTO,DECLINED
C1025,12/01/2024,5732,US,$76.17,ATM,declined
C1192,2024-12-10,5999,FR,146.91,ATM,APPROVED
C1114,23/07/2024,5541,GB,$64.42,POS,Approved 
C1180,30/05/2024,5732,AZ,64.07,,Approved 
C1020,30/10/2024,5812,IT,$-160.09,MOTO,declined
C1087,04/05/2025,5541,GB,44.11,MOTO,approved
C1156,2024-02-11,5541,TR ,$128.66,POS,declined
C1078,18/02/2025,5541,FR,164.02,,declined
C1144,01/05/2024,5541,TR ,181.8,POS,DECLINED
C1088,31/05/2025,6011,DE,198.19,,approved
C1104,2025-06-09,5541,FR,$194.10,MOTO,PENDING
C1118,16/05/2025,5411,TR ,11.74,,DECLINED
C1023,21/06/2025,6011,TR ,$153.70,POS,PENDING
C1084,2024-10-05,5812,US,$129.92, ,Approved 
C1080,2024-01-04,5541,IT,118.95,ATM,DECLINED
C1106,13/04/2024,5812,IT,117.84,ECOM,Approved 
C1196,2024-10-04,5812,DE,165.92,,DECLINED
C1049,2024-02-02,6011,GB,$192.96,POS,declined
C1116,2024-12-14,5411,DE,90.59,ECOM,APPROVED
C1196,2025-06-13,5732,IT,$135.11,POS,APPROVED
C1027,2024-07-03,5812,DE,89.12, ,PENDING
C1000,29/03/2024,5732,DE,101.82,,APPROVED
C1021,22/03/2024,5812,US,$172.77,ECOM,Approved 
C1061,20/04/2024,5411,AZ,65.85,,APPROVED
C1107,2024-03-26,5999,FR,210.12,,PENDING
C1088,2024-04-04,5411,GB,$127.84,,declined
C1141,2024-10-09,5999,US,137.17,,declined
C1057,03/08/2024,5732,US,$175.82,MOTO,declined
C1138,2025-04-10,5732,IT,$213.37,POS,DECLINED
C1195,02/11/2024,5541,FR,53.53,ATM,APPROVED
C1080,21/10/2024,5812,DE,$369.07,ATM,APPROVED
C1075,2024-04-10,5411,AZ,188.89, ,APPROVED
C1082,17/03/2024,5732,FR,$118.35,ATM,DECLINED
C1001,2025-02-14,5411,US,$87.44,,declined
C1166,05/04/2024,5411,IT,116.71,ECOM,approved
C1059,2024-05-18,5999,AZ,$167.11,ECOM,approved
C1161,28/01/2025,5541,GB,$173.23,,declined
C1055,2024-11-11,6011,GB,58.29,,DECLINED
C1078,2025-04-26,5541,FR,144.29,ATM,PENDING
C1187,2025-04-07,6011,US,216.09, ,declined
C1097,2024-03-14,6011,AZ,$163.57,ATM,APPROVED
C1135,07/02/2025,5411,FR,11.39,ECOM,Approved 
C1035,2024-07-18,5732,DE,116.52,MOTO,PENDING
C1084,28/03/2025,5999,US,141091.44,POS,PENDING
C1147,04/01/2025,6011,GB,114.76,ATM,PENDING
C1090,25/02/2025,5732,IT,167.17,ATM,DECLINED
C1080,2024-10-29,5541,DE,$136.34,ATM,PENDING
C1117,01/01/2024,5999,US,100.46,POS,declined
C1027,05/08/2024,6011,TR ,96.35,,declined
C1062,2024-07-03,5541,FR,31.81,,DECLINED
C1193,29/07/2024,5999,GB,113.07,,PENDING
C1093,2024-09-27,6011,IT,173.04, ,APPROVED
C1152,20/03/2025,5812,TR ,150.44,MOTO,approved
C1037,2024-04-10,5732,US,$105.23,,DECLINED
C1175,07/06/2024,6011,FR,182.7,,APPROVED
C1187,2024-08-12,6011,DE,128.12,MOTO,DECLINED
C1185,20/08/2024,5999,FR,$103.67,ATM,Approved 
C1059,2024-09-06,6011,IT,54.16, ,approved
C1059,14/07/2024,5999,IT,$173.40,POS,DECLINED
C1131,13/06/2025,5411,US,$88.38,ATM,DECLINED
C1115,07/04/2024,5732,FR,127.46,MOTO,declined
C1095,16/05/2025,6011,AZ,68.13, ,Approved 
C1006,2024-07-24,5812,FR,$70.68,MOTO,Approved 
C1005,04/11/2024,6011,AZ,$23.32, ,APPROVED
C1085,2024-04-30,5541,DE,53.42, ,DECLINED
C1054,2025-03-23,5999,IT,184.11,MOTO,declined
C1077,2024-11-19,5541,DE,114.26,,Approved 
C1172,22/10/2024,5812,IT,139.69,,PENDING
C1184,04/10/2024,5999,DE,$89.76,ECOM,Approved 
C1020,2024-05-05,6011,AZ,$230.82,ATM,declined
C1145,2025-04-17,4111,IT,$27.29,ECOM,PENDING
C1077,2024-04-18,5999,GB,81.17,,APPROVED
C1050,14/06/2025,5999,IT,$158.21,ATM,APPROVED
C1099,27/11/2024,5732,GB,$84.23,ATM,approved
C1081,02/09/2024,5411,US,$167.49, ,DECLINED
C1084,26/07/2024,5411,GB,129.6,,declined
C1183,2025-06-04,6011,GB,51.38,,APPROVED
C1085,2024-06-09,4111,TR ,$191.30,ATM,DECLINED
C1171,2024-01-04,5411,GB,125.47,POS,Approved 
C1163,01/02/2024,5732,FR,125.37,MOTO,approved
C1121,2024-09-24,5541,IT,$134.88, ,DECLINED
C1087,2024-12-16,6011,FR,$52.56,ATM,APPROVED
C1126,2024-05-05,5411,TR ,-23.66, ,Approved 
C1157,18/06/2025,5999,FR,$174.64,MOTO,APPROVED
C1192,27/10/2024,5541,AZ,$202.97,POS,Approved 
C1028,2025-02-26,5411,GB,$115.35,,DECLINED
C1057,2025-03-18,5732,FR,75.82,,Approved 
C1056,03/11/2024,5999,US,137.14,,DECLINED
C1069,14/07/2024,5411,IT,200.58,MOTO,APPROVED
C1021,2024-05-29,5541,TR ,136.4,MOTO,approved
C1082,2024-06-19,5541,IT,72.95,MOTO,approved
C1151,2024-06-21,5411,US,$137.49,MOTO,APPROVED
C1109,23/05/2024,5411,DE,$90.01,,PENDING
C1066,2024-08-26,6011,TR ,$109.56,POS,PENDING
C1163,04/03/2024,5732,FR,$166.03,MOTO,APPROVED
C1084,2024-09-16,4111,US,205.26,,APPROVED
C1165,2024-09-12,5812,TR ,$-147.94,,PENDING
C1024,2024-06-15,6011,GB,71.58,POS,Approved 
C1036,25/11/2024,5411,TR ,292.08,POS,DECLINED
C1116,2024-04-01,6011,US,$116.46, ,PENDING
C1015,11/06/2024,5732,DE,$70.54,ATM,DECLINED
C1072,23/05/2025,6011,US,-25.71, ,DECLINED
C1156,2024-03-15,5999,US,$113.84,,approved
C1001,2025-03-13,5999,DE,282.93,ATM,declined
C1102,2024-11-13,5541,AZ,55.86,MOTO,approved
C1172,2024-02-16,5411,FR,103.76,MOTO,Approved 
nan,06/01/2024,5999,DE,171.84,,Approved 
C1140,2025-03-03,5812,GB,$91.49, ,approved
C1123,2024-07-11,5732,IT,$217.67,POS,APPROVED
C1097,25/06/2024,5812,FR,78.84, ,approved
C1176,22/03/2024,5732,AZ,59.46,,declined
C1070,2024-10-10,5999,AZ,$92.15,POS,approved
C1130,2025-06-01,5541,FR,113.38,MOTO,PENDING
C1039,25/02/2025,4111,AZ,$84.56,,approved
C1131,25/01/2025,5732,FR,234.8, ,declined
C1143,2024-05-14,5812,FR,127.15,,Approved 
C1003,22/05/2025,5541,GB,72.59,POS,DECLINED
C1196,2025-04-27,5732,US,-131.9,MOTO,approved
C1090,2025-02-24,6011,US,$58.00,,PENDING
C1005,2024-07-29,4111,IT,15.58,POS,approved
C1125,08/02/2024,5812,GB,116.61, ,declined
C1018,22/04/2025,6011,GB,17.55,,Approved 
C1135,09/10/2024,5999,FR,$-3.79,POS,PENDING
C1059,06/06/2024,5411,AZ,142630.39, ,approved
C1092,08/03/2025,6011,TR ,$204.07,ATM,APPROVED
C1042,2024-04-17,5411,IT,151.59,MOTO,declined
C1134,21/06/2025,5541,US,146.4,,APPROVED
C1031,2025-06-09,5411,FR,121.45,ECOM,Approved 
C1023,07/06/2024,5999,FR,$137.31,MOTO,Approved 
C1167,04/06/2025,5812,IT,55.89,,PENDING
C1106,30/07/2024,6011,DE,$85.39, ,Approved 
C1080,22/10/2024,5541,AZ,$129.28,,APPROVED
C1179,2024-11-05,5999,DE,$247.90,ECOM,DECLINED
C1133,2025-02-06,6011,IT,$-112.74, ,Approved 
C1122,08/01/2025,5411,FR,$-100.68,ATM,Approved 
C1083,2024-10-24,5411,AZ,102.79,ECOM,APPROVED
C1080,22/01/2024,5732,AZ,127.38,POS,DECLINED
C1033,17/09/2024,5999,IT,211.32,MOTO,APPROVED
C1155,26/12/2024,5411,TR ,$180.82,ECOM,DECLINED
C1036,2024-07-22,5541,GB,217.35,MOTO,declined
C1025,2025-01-10,5411,US,144.1,MOTO,declined
C1097,16/11/2024,4111,DE,175.87,ECOM,approved
C1116,2024-03-09,5411,FR,215.34, ,Approved 
C1077,2025-03-30,5411,US,152.95,ATM,approved
C1121,2024-01-02,5999,IT,67364.78,POS,DECLINED
C1052,2024-04-16,5411,DE,$170.71,ECOM,APPROVED
C1186,15/05/2024,5411,FR,$87.45,ECOM,PENDING
C1141,03/02/2025,5541,TR ,92.35,ECOM,DECLINED
C1170,2025-04-11,5411,GB,$177.88,ATM,PENDING
C1090,2025-01-31,5541,AZ,$188.29,,APPROVED
C1085,2025-03-26,5999,US,16.13,,DECLINED
C1001,18/03/2025,5812,AZ,197.17,ECOM,PENDING
C1094,10/06/2025,6011,TR ,$38.92,ATM,DECLINED
C1025,24/04/2025,4111,IT,$232.40, ,DECLINED
C1049,25/03/2024,4111,DE,130.51, ,Approved 
C1064,10/12/2024,5541,US,$157.08,POS,APPROVED
C1169,19/07/2024,6011,AZ,109.17,POS,Approved 
C1015,2024-08-08,5812,DE,135.92,MOTO,APPROVED
C1061,14/07/2024,5411,AZ,$70.20,POS,APPROVED
C1192,29/08/2024,5732,GB,89.93,,declined
C1016,22/07/2024,6011,US,172.49,,Approved 
C1164,30/01/2025,5541,FR,143.25,MOTO,approved
C1006,2024-10-22,5732,IT,82.45,ATM,declined
C1154,23/04/2025,5541,FR,$223.48,ECOM,Approved 
C1121,2024-07-14,5411,GB,143.99,POS,Approved 
C1001,03/06/2025,4111,DE,$214.90,,approved
C1139,2024-11-06,4111,TR ,124.43,ECOM,approved
C1185,18/01/2025,5812,DE,173.89,ATM,approved
C1061,2024-09-17,5812,GB,$226.62, ,declined
C1158,2025-06-04,4111,DE,$197.54,ATM,Approved 
C1164,13/10/2024,5812,DE,118.3,ATM,PENDING
C1140,08/06/2024,5812,FR,177.84,,APPROVED
C1134,2024-10-06,5999,FR,$161.18,ATM,PENDING
C1094,04/03/2025,5812,TR ,139.82,ATM,DECLINED
C1183,2024-03-11,5999,GB,51.34, ,declined
C1016,2024-04-30,5999,FR,87.07,ECOM,APPROVED
C1115,15/03/2024,5732,TR ,$168.22,ATM,declined
C1116,11/05/2024,5541,US,49.98,,PENDING
C1117,2024-10-25,5411,IT,$82.58,ECOM,approved
C1128,10/01/2025,5541,GB,109.05,MOTO,DECLINED
C1130,05/02/2024,5732,GB,$204.48, ,PENDING
C1080,15/04/2024,5541,IT,67.7,MOTO,declined
C1048,2025-02-08,6011,AZ,$56.13,POS,PENDING
C1136,2024-09-01,6011,US,$178.45,MOTO,APPROVED
C1191,08/03/2024,5732,IT,86.13,ECOM,DECLINED
C1046,2025-05-18,5541,US,61.93,,declined
C1040,2024-07-16,4111,FR,161.62,ECOM,APPROVED
C1056,12/11/2024,6011,IT,73.55, ,DECLINED
C1006,2024-10-13,6011,AZ,114.26,,Approved 
C1094,30/09/2024,5812,AZ,227.03,ECOM,declined
C1016,24/04/2025,4111,GB,$36.85,,PENDING
C1082,26/01/2024,5411,DE,180.2,ECOM,approved
C1130,2025-03-08,5812,GB,110.69,ECOM,declined
C1121,04/02/2024,6011,DE,72.5, ,declined
C1144,29/08/2024,5732,GB,$116.84,POS,APPROVED
C1064,2024-07-28,5999,FR,192.34,,APPROVED
C1013,02/06/2025,6011,FR,200.89,MOTO,APPROVED
C1192,02/08/2024,5812,DE,144.41,POS,Approved 
C1104,2024-02-12,4111,DE,$63.08,,APPROVED
C1197,03/05/2025,5812,AZ,147.26,ATM,APPROVED
C1157,2024-07-11,6011,IT,113.69,ECOM,approved
C1126,09/03/2025,5732,DE,178.9,POS,Approved 
C1194,2025-02-19,5411,GB,$115.98,,DECLINED
C1003,13/06/2025,5411,AZ,151.5,,Approved 
C1053,2024-02-01,5411,IT,77.88,ATM,APPROVED
C1189,29/09/2024,5999,FR,$79.97,,DECLINED
C1187,2024-10-16,5812,IT,$146.33,,declined
C1169,2024-05-19,5812,DE,144.29,,approved
C1070,2025-04-13,5999,US,103.76,ECOM,DECLINED
C1078,2024-03-05,5812,AZ,$197.56,ECOM,Approved 
C1062,2024-02-14,5541,IT,128.5,ATM,approved
C1100,2024-12-31,5411,GB,$64.66,,approved
C1080,2025-03-08,5812,AZ,$144.83,ATM,declined
C1011,2025-04-06,5812,IT,$119.27, ,declined
C1087,2024-11-12,5541,FR,$152.62,POS,approved
C1039,2024-02-15,6011,TR ,59.59,POS,declined
C1002,2025-04-29,5999,DE,209.19,MOTO,declined
C1056,2024-07-18,5411,GB,91.29,ATM,DECLINED
C1079,13/05/2024,5999,AZ,"$73,660.62", ,approved
C1014,08/02/2024,5541,GB,181.66,ATM,DECLINED
C1036,26/01/2025,5732,IT,$93.52,,declined
C1052,2024-06-03,5812,FR,99.17,ATM,APPROVED
C1016,10/10/2024,5812,GB,$68.81,,declined
C1199,10/10/2024,5411,IT,219412.85,POS,PENDING
C1194,12/05/2024,5999,FR,169.86,,Approved 
C1012,24/06/2024,5812,IT,"$75,121.30",ECOM,Approved 
C1168,12/11/2024,5541,IT,$151.06, ,approved
C1191,22/07/2024,5541,FR,$108.87,POS,APPROVED
C1184,2024-05-08,5541,TR ,$179.14,ECOM,declined
C1164,06/09/2024,4111,TR ,$121.23,ATM,PENDING
C1081,13/09/2024,5541,AZ,209.17,MOTO,PENDING
C1055,2024-10-16,5812,US,101.89,ATM,Approved 
C1142,2024-04-20,5812,AZ,$166.66,MOTO,PENDING
C1186,01/01/2025,5541,GB,198.61,ECOM,declined
C1062,2024-04-24,5999,DE,128.93,ECOM,APPROVED
C1172,06/07/2024,5732,AZ,$150.75,,DECLINED
C1152,10/07/2024,5999,AZ,154.76,ECOM,APPROVED
C1061,2024-11-07,5411,US,127.91,MOTO,declined
C1148,2025-02-09,5812,GB,26.16, ,approved
C1008,2024-01-18,5541,TR ,9.72,MOTO,Approved 
C1173,2025-04-30,4111,US,129.33,MOTO,DECLINED
C1168,2025-02-21,5732,US,$150.10, ,declined
C1145,27/07/2024,5411,US,$127.97,,approved
C1044,24/03/2024,4111,GB,229.88,MOTO,declined
C1152,20/05/2024,6011,FR,79.66, ,APPROVED
C1154,10/01/2024,5541,AZ,142.59,ATM,PENDING
C1045,13/06/2024,5732,AZ,$-259.57,,PENDING
C1181,19/01/2024,4111,GB,28.62,,PENDING
C1076,02/07/2024,5812,FR,$115.76,,declined
C1182,2025-06-11,5541,GB,$126.82,,declined
C1005,2024-12-03,4111,US,-107.04,,declined
C1102,09/08/2024,5411,GB,114.67,ECOM,declined
C1045,2024-02-08,5541,GB,133.57,ATM,Approved 
C1013,30/08/2024,5732,GB,81.26,,Approved 
C1136,2024-10-25,5812,AZ,$179.48,,Approved 
C1042,12/03/2025,5999,IT,$157.71,ATM,PENDING
C1061,22/02/2024,5812,GB,$75.19, ,PENDING
C1032,19/12/2024,5812,TR ,51.79,,APPROVED
C1063,04/12/2024,5411,AZ,$36.83, ,Approved 
C1195,21/03/2025,4111,IT,123.18,ECOM,DECLINED
C1196,14/05/2025,5411,US,169.39,ECOM,declined
C1199,2024-05-31,4111,AZ,$146.33,POS,approved
C1115,2025-06-01,4111,AZ,58.54,,DECLINED
C1098,26/07/2024,5541,GB,172.01,MOTO,declined
C1199,2024-04-03,5812,AZ,$159.95,,PENDING
C1141,2024-01-16,6011,US,$97.88,ATM,approved
C1186,15/06/2025,5411,GB,110.84, ,APPROVED
C1122,2025-03-22,5541,AZ,$144.35,,declined
C1137,21/09/2024,5541,TR ,115.94,ATM,PENDING
C1020,14/07/2024,4111,TR ,109.03,ATM,declined
C1085,2024-05-13,5732,DE,119.78,,declined
C1144,2024-03-17,5411,IT,$203.35,,declined
C1115,2024-08-30,5732,US,$184.54,,Approved 
C1067,01/01/2025,5732,TR ,$75.30, ,Approved 
C1110,2025-01-10,5411,TR ,95.52,,Approved 
C1025,27/03/2025,5732,FR,110.62,,Approved 
C1057,03/04/2025,5411,AZ,$131.87,ATM,DECLINED
C1081,26/09/2024,6011,AZ,$-38.58,MOTO,DECLINED
C1158,2024-03-07,5541,TR ,152.88,ECOM,DECLINED
C1086,13/06/2024,5812,FR,$99.73, ,Approved 
C1037,04/06/2024,5411,GB,158.59,,Approved 
C1013,30/03/2025,5541,GB,$154.81,,approved
C1095,01/02/2025,5732,IT,$100.17,ATM,APPROVED
C1102,2024-01-11,5999,DE,$60.78,ATM,APPROVED
C1000,2024-10-19,5732,AZ,71.53, ,approved
C1132,13/08/2024,4111,US,179.7, ,DECLINED
C1007,2024-02-14,5732,DE,131.14,MOTO,Approved 
C1103,09/04/2025,5999,AZ,-66.17,,Approved 
C1047,2025-06-09,6011,DE,103.71,POS,declined
C1102,2025-04-17,5411,US,44.91,,declined
C1065,23/05/2024,5411,FR,$198.58,MOTO,Approved 
C1195,2025-06-20,5411,FR,$144.34, ,Approved 
C1052,23/06/2024,5812,TR ,88.71,ATM,DECLINED
nan,13/11/2024,5411,FR,127.76, ,APPROVED
C1121,2024-02-07,4111,AZ,-67686.82,,APPROVED
C1154,17/03/2024,5999,US,48.58,ATM,Approved 
C1132,03/02/2025,5812,IT,187.74,MOTO,declined
C1199,20/11/2024,5732,US,$-13.07,ATM,PENDING
C1015,2024-10-26,5732,AZ,131.45, ,Approved 
C1169,18/11/2024,5812,FR,$168.67,,approved
C1117,2024-06-07,5541,US,100.48,MOTO,declined
C1190,2025-04-28,5411,TR ,108.98,MOTO,PENDING
C1055,07/01/2025,5812,AZ,70.08,MOTO,DECLINED
C1193,2024-09-05,5812,GB,196.76,,Approved 
C1188,07/05/2024,5732,AZ,"$139,920.52",POS,declined
C1019,2024-01-12,5812,IT,86.36,MOTO,DECLINED
C1186,2024-01-26,5541,AZ,159.38,,approved
C1004,30/06/2024,5812,DE,108.16,MOTO,declined
C1039,2024-05-02,5411,DE,$163.05,,APPROVED
C1165,2024-02-29,4111,TR ,107.15,ATM,Approved 
C1144,2024-09-28,5732,GB,47.08,ECOM,PENDING
C1140,2024-05-03,5999,TR ,$183.26, ,APPROVED
C1177,2025-02-11,4111,TR ,146.15,ECOM,DECLINED
C1187,2024-04-12,5411,GB,126.95,,declined
C1093,2024-08-23,6011,IT,101.16,,Approved 
C1188,24/09/2024,4111,TR ,202.77,ATM,Approved 
C1173,06/02/2025,5999,DE,134.65, ,PENDING
C1066,2025-05-17,5541,IT,33.83,ATM,PENDING
C1062,2024-10-01,5999,DE,99.02,ECOM,DECLINED
C1179,15/03/2025,5812,IT,196.03,,APPROVED
C1075,2024-06-07,5999,GB,$10.68,ATM,DECLINED
C1002,10/09/2024,5541,IT,$108.67,,DECLINED
C1181,13/04/2025,5999,DE,182.48,,APPROVED
C1125,2024-04-25,5732,AZ,$254.98,ATM,Approved 
C1185,18/01/2025,5812,DE,173.89,ATM,approved
C1150,2024-04-26,5732,AZ,62.97,ATM,PENDING
C1108,2024-12-17,6011,AZ,147.51,ECOM,APPROVED
C1083,27/03/2025,4111,US,$200.15,POS,APPROVED
C1160,2024-06-27,6011,FR,65.79, ,PENDING
C1138,12/08/2024,5732,DE,142.59,,PENDING
C1154,2024-05-01,5541,GB,151.68,ATM,declined
C1187,22/05/2025,6011,IT,27.61,POS,PENDING
C1108,2025-06-05,5999,TR ,92.68,POS,DECLINED
C1002,2024-07-19,5541,TR ,121.47, ,PENDING
C1172,2024-04-03,5541,AZ,153.63,POS,APPROVED
C1063,2024-12-29,5812,GB,191.88, ,declined
C1127,2024-03-30,4111,IT,87.18,,declined
C1124,2024-08-27,5732,GB,$64.08,MOTO,PENDING
C1058,2024-01-19,6011,US,0.67,,Approved 
C1095,2024-05-13,5541,DE,154.6,POS,APPROVED
C1128,2024-04-27,4111,AZ,$-153.72,ATM,approved
C1094,29/09/2024,5999,GB,$185.84,POS,Approved 
C1034,2025-02-02,4111,GB,139.69,,approved
C1159,2024-03-06,6011,IT,67.16,,DECLINED
C1015,13/11/2024,5999,DE,$181.20,,PENDING
C1074,10/09/2024,5812,DE,62.18,,declined
C1139,2024-11-23,5732,TR ,$9.84,ATM,approved
C1059,2024-01-03,6011,AZ,95.24,MOTO,declined
C1149,2025-04-19,5541,FR,$165.00,,APPROVED
C1170,07/05/2024,5732,IT,$100.79,ATM,DECLINED
C1110,12/03/2025,5732,GB,48.01,ECOM,Approved 
C1134,09/01/2025,4111,US,"$248,616.92",,declined
C1068,2025-01-17,6011,TR ,198.7,,Approved 
C1014,2024-11-24,6011,AZ,193.45,,PENDING
C1138,03/10/2024,5812,AZ,132.27, ,PENDING
C1122,07/04/2025,5732,US,71.67,,approved
C1192,26/10/2024,5411,DE,$67.78,ECOM,DECLINED
C1128,09/05/2025,5411,AZ,134.09,ATM,approved
C1107,19/04/2025,5541,IT,$194.44,POS,PENDING
C1054,2025-03-19,6011,TR ,193.04,ECOM,approved
C1130,2024-03-14,6011,DE,$145.84,MOTO,PENDING
C1197,10/06/2024,6011,IT,$109.32, ,declined
C1048,14/01/2024,5541,FR,108.8, ,APPROVED
C1096,2024-01-11,4111,US,$57.07,MOTO,Approved 
C1130,27/04/2025,5999,DE,144.87,POS,PENDING
C1033,2025-03-07,5999,IT,$151.72, ,declined
C1189,2024-12-24,5812,US,$102.43,,declined
C1009,27/07/2024,6011,IT,$218.77,,APPROVED
C1097,15/05/2025,5541,FR,$173.42,MOTO,approved
C1085,13/11/2024,5411,DE,$223.63,,Approved 
C1134,26/09/2024,6011,US,62.44,ECOM,Approved 
C1191,12/06/2024,6011,GB,$185.06,,approved
C1196,07/03/2025,4111,GB,$123.90, ,PENDING
C1126,29/12/2024,6011,AZ,$106.47,ECOM,Approved 
C1126,2025-03-22,5732,FR,92.55,MOTO,Approved 
C1065,2024-03-20,5411,IT,184.83, ,APPROVED
C1031,12/05/2025,5999,US,$192.36,,PENDING
C1057,2024-06-16,5732,AZ,199.72, ,APPROVED
C1110,2024-08-19,5732,US,$160.24, ,approved
C1187,22/05/2025,5541,US,147.4,MOTO,PENDING
C1134,12/01/2025,6011,AZ,$-98.09,ATM,approved
C1073,28/03/2025,5732,FR,93.79,,declined
C1081,2025-04-23,5812,FR,150.81,ATM,Approved 
C1073,17/04/2025,5411,US,$102.62,,DECLINED
C1140,21/10/2024,5999,AZ,118.95,,approved
C1118,2024-09-12,5411,TR ,123.02,MOTO,PENDING
C1101,08/11/2024,5812,GB,$56.09,ATM,declined
C1086,05/07/2024,5999,DE,92.14,,APPROVED
C1073,2024-12-13,5812,TR ,$105.45,MOTO,APPROVED
C1102,2025-04-19,5999,IT,160.53,,Approved 
C1132,14/11/2024,5541,TR ,$128.31,ECOM,declined
C1021,2024-09-28,5999,FR,163088.52,ECOM,declined
C1100,16/10/2024,5732,US,137.32, ,approved
C1195,23/05/2025,5411,TR ,79.37,,APPROVED
C1146,08/03/2024,5541,US,-1.35,POS,Approved 
C1064,06/02/2024,4111,US,132.26,ATM,Approved 
C1096,2024-07-25,5732,IT,169.06,MOTO,Approved 
C1181,2024-08-24,5732,DE,98.44,MOTO,PENDING
C1147,31/10/2024,4111,US,86.69,ATM,declined
C1059,2024-04-26,5411,AZ,$-140.45,POS,PENDING
C1196,2025-04-20,5999,TR ,$14.74,,APPROVED
C1117,2025-04-17,5999,DE,$144.81,,APPROVED
C1098,2024-12-31,5812,GB,120.24,MOTO,APPROVED
C1114,2024-03-19,5411,TR ,194.15,ECOM,Approved 
C1185,09/03/2025,5411,DE,110.34,MOTO,DECLINED
C1176,2024-01-17,5411,US,$196.81,,PENDING
C1010,18/08/2024,5812,IT,118.12,ATM,Approved 
C1035,22/10/2024,5999,FR,151.02,MOTO,Approved 
C1106,2025-04-01,6011,AZ,-91.01,,declined
C1197,2024-09-25,5732,US,$237.27,,declined
C1033,2024-02-15,5812,GB,$150.71,,PENDING
C1100,2024-05-10,5411,TR ,$40.25,ATM,approved
C1050,2024-12-09,6011,TR ,99.43, ,declined
C1137,07/07/2024,5732,AZ,$226.04,,APPROVED
C1016,31/07/2024,5732,DE,$85.76,,declined
C1049,17/10/2024,4111,FR,103.2,,APPROVED
C1160,2024-05-26,5541,AZ,145.8,ECOM,APPROVED
C1086,19/05/2024,4111,GB,$149.03, ,DECLINED
C1189,2024-07-19,5541,FR,154.74,MOTO,APPROVED
C1083,09/04/2024,5999,TR ,60.82, ,PENDING
C1026,05/06/2024,5732,IT,$185.44,,PENDING
C1085,08/12/2024,5411,GB,105.2, ,approved
C1099,10/09/2024,5541,FR,136.22,MOTO,declined
C1003,2024-03-20,5411,AZ,$62.05,MOTO,approved
C1050,2024-05-10,5732,AZ,$217.88, ,approved
C1007,2024-09-09,6011,TR ,$194.75,,Approved 
C1118,11/07/2024,5541,AZ,$48.79,POS,APPROVED
C1130,2024-06-16,6011,FR,$125.19,ATM,Approved 
C1039,2024-05-05,5541,IT,$103.94,MOTO,declined
C1033,2025-01-30,5541,AZ,210.03,ATM,approved
C1197,2024-02-22,6011,GB,$76.75,,PENDING
C1056,2024-07-22,6011,AZ,138.08,,approved
C1167,05/05/2024,4111,FR,106.83,ATM,PENDING
C1181,28/04/2024,5541,FR,130.58,ECOM,DECLINED
C1003,2025-05-09,5812,IT,120.63,POS,DECLINED
C1027,17/12/2024,4111,US,$77.72,ECOM,Approved 
C1011,04/06/2024,5732,IT,$69.13,ECOM,approved
C1156,2025-02-28,4111,IT,$142.87,MOTO,APPROVED
C1139,23/12/2024,6011,FR,$208.83,POS,DECLINED
C1161,2024-10-22,5411,GB,97.4,,declined
C1132,2025-01-26,5411,IT,$133.02,ATM,DECLINED
C1126,07/05/2025,5541,GB,97.75,MOTO,declined
C1155,31/08/2024,5541,FR,"$187,897.60",POS,declined
C1149,2024-09-13,5999,FR,$70.84,ECOM,APPROVED
C1055,27/12/2024,5999,US,165.75,POS,DECLINED
C1128,2025-02-06,6011,FR,$194.38,MOTO,APPROVED
C1135,2024-08-23,4111,GB,-43.82,,declined
C1166,19/03/2024,4111,TR ,$129.05,ECOM,declined
C1086,2024-02-25,5999,GB,122.19,ECOM,APPROVED
C1092,09/07/2024,5812,FR,180.11,POS,PENDING
C1009,23/01/2025,5732,TR ,$110.15,POS,Approved 
C1103,2025-06-02,5732,FR,98.69,ATM,APPROVED
C1048,2024-09-28,5999,FR,141.08,,APPROVED
C1022,2024-12-18,5732,DE,$42.75,POS,approved
C1113,2025-05-13,5541,AZ,239.9,ATM,approved
C1034,2024-06-02,5541,IT,123.08,ATM,PENDING
C1067,05/10/2024,5541,FR,151961.48,ATM,PENDING
C1056,22/02/2025,5732,AZ,152.25,MOTO,DECLINED
C1036,2024-03-03,5732,IT,$75.14,,approved
C1006,2024-01-14,5999,IT,91.04, ,Approved 
C1096,14/01/2024,5411,IT,$171.71,POS,APPROVED
C1091,2024-01-01,5999,IT,175.08,ECOM,PENDING
C1104,18/11/2024,5732,US,$211.21, ,Approved 
C1170,24/04/2024,5541,IT,89.71,ECOM,Approved 
C1071,10/02/2025,5812,FR,$147.94,ECOM,approved
C1066,09/04/2024,5541,US,119.35,POS,APPROVED
C1075,01/06/2024,4111,DE,$156.37,,DECLINED
C1061,08/01/2024,5411,US,133.9, ,Approved 
C1153,11/03/2024,5411,US,159.99,ATM,Approved 
C1073,29/02/2024,5541,IT,$71.60, ,APPROVED
C1016,2024-07-13,5732,IT,$59.83,,DECLINED
C1186,30/05/2025,5411,US,$113.57,POS,DECLINED
C1124,2024-04-26,5999,DE,$135.57,ATM,DECLINED
C1179,2024-01-05,5999,TR ,$-96.75,ATM,Approved 
C1101,2024-08-06,5411,GB,$124.75, ,declined
C1076,2025-06-21,6011,FR,63.32,,APPROVED
C1125,2025-05-01,6011,DE,183.4, ,DECLINED
C1135,2025-01-08,5812,TR ,$121.89,ATM,declined
C1187,2024-07-03,5411,US,$246.84,,approved
C1083,02/10/2024,5812,DE,$67.45,ATM,DECLINED
C1140,24/10/2024,4111,AZ,$26.76,ECOM,Approved 
C1146,27/05/2024,5541,IT,222.35,ECOM,PENDING
C1163,05/09/2024,5732,IT,136.22,ATM,APPROVED
C1049,2025-01-28,5999,US,65.46,,PENDING
C1085,28/09/2024,5541,US,$199.27, ,DECLINED
C1021,14/06/2025,4111,AZ,197.76,POS,Approved 
C1096,2024-05-14,5999,AZ,-244.42,,approved
nan,2024-01-15,5411,TR ,$116.55,,declined
C1139,2024-01-02,5732,TR ,$121.02,MOTO,Approved 
C1130,23/06/2024,5999,US,167.2,ATM,Approved 
C1114,2024-10-31,5732,TR ,$136.88,ECOM,Approved 
C1049,2025-01-11,5999,IT,$16.63,MOTO,PENDING
C1126,03/09/2024,5541,AZ,131.07,ATM,declined
C1010,2024-04-26,5411,AZ,$203.85,POS,APPROVED
C1018,13/10/2024,5732,FR,0.85,POS,PENDING
C1013,13/12/2024,5999,TR ,$234.38,MOTO,Approved 
C1100,17/09/2024,5812,IT,69.98,MOTO,DECLINED
C1159,2024-05-17,5812,TR ,$243.79,POS,declined
C1060,19/02/2025,6011,TR ,123.94,MOTO,DECLINED
C1023,30/01/2024,4111,TR ,122.12,ECOM,declined
C1017,16/05/2025,4111,GB,77.12,,Approved 
C1194,2024-01-22,6011,DE,72.95,,declined
C1025,15/02/2025,4111,IT,$-2.76,,APPROVED
C1022,2024-12-25,5999,IT,$254.06,ECOM,DECLINED
C1048,2025-04-04,6011,TR ,105.54,ATM,DECLINED
C1174,09/05/2025,6011,FR,70.65,MOTO,APPROVED
C1136,2025-04-15,5812,IT,$94.46,POS,APPROVED
C1170,2024-04-09,5411,AZ,$49.46,ATM,declined
C1127,2024-04-15,5999,TR ,$177.44,,approved
C1049,2024-10-08,6011,FR,$193.31,,PENDING
C1183,11/03/2025,6011,TR ,$125.19,,Approved 
C1005,2024-06-10,5812,IT,262.96,MOTO,APPROVED
C1128,14/08/2024,5732,IT,157.91,ECOM,DECLINED
C1194,19/05/2024,5541,GB,153.91,,declined
C1191,13/03/2025,6011,US,84.54,,Approved 
C1113,2025-01-29,5999,FR,116.81,ECOM,Approved 
C1088,2024-11-10,5411,FR,-159.05,ECOM,APPROVED
C1043,2025-03-13,5732,FR,88.66,MOTO,approved
C1036,22/09/2024,5999,DE,40.15,MOTO,DECLINED
C1013,2024-05-11,5411,TR ,$87.01,MOTO,approved
C1059,2024-02-04,5999,IT,$34.94,,declined
C1048,02/04/2025,5999,US,96.16,MOTO,declined
C1036,2024-08-29,5541,TR ,-18.52,,DECLINED
C1012,18/09/2024,5812,IT,1.49,,DECLINED
C1087,10/01/2024,5999,AZ,171.87, ,APPROVED
C1135,16/02/2024,5999,AZ,$71.66,POS,APPROVED
C1119,29/10/2024,5541,US,48.15,ECOM,declined
C1119,05/03/2025,4111,GB,142.81,MOTO,declined
C1108,07/10/2024,5732,US,$196.33,POS,Approved 
C1181,2025-02-09,5812,DE,$152.89,ATM,Approved 
C1150,26/05/2025,5732,GB,$145.07,MOTO,declined
C1127,20/09/2024,6011,DE,67.89,MOTO,PENDING
C1126,2024-03-14,5732,TR ,131.04,ATM,PENDING
C1118,2025-03-12,5812,GB,53.33,POS,Approved 
C1115,2025-06-09,4111,GB,$116.94,ATM,DECLINED
C1036,2024-02-15,5541,DE,170.33,,Approved 
C1108,06/08/2024,5411,DE,$119.06,ATM,DECLINED
C1125,2024-05-25,5732,IT,140.26,ATM,APPROVED
C1009,2025-04-18,5999,DE,140.17, ,PENDING
C1074,22/03/2025,6011,TR ,127.6, ,declined
C1105,15/12/2024,5732,FR,$87.37,ATM,Approved 
C1114,10/06/2025,5411,GB,73.79,,Approved 
C1153,2025-02-19,5999,US,93.34,MOTO,DECLINED
C1160,19/01/2024,5411,US,$108.08,,declined
C1144,2024-11-29,5411,GB,$145.26,MOTO,DECLINED
C1199,11/12/2024,5541,AZ,$132.69, ,PENDING
C1197,2024-05-07,5999,AZ,77.24,ECOM,APPROVED
C1005,08/04/2025,5812,GB,$-178.69,POS,APPROVED
C1141,26/01/2024,5999,AZ,$161.75,ATM,PENDING
C1151,19/12/2024,5732,DE,184.71, ,DECLINED
C1171,2024-09-16,6011,US,$142.68,,DECLINED
C1117,04/03/2024,5411,DE,$114.46,,declined
nan,11/11/2024,5732,US,61.49,ECOM,APPROVED
C1072,2024-03-04,4111,DE,98.45,MOTO,approved
C1193,2024-05-06,5411,IT,56.85,ECOM,approved
C1112,2024-05-30,5999,TR ,34.97,ECOM,APPROVED
C1076,21/01/2024,5541,IT,$193.81,ECOM,Approved 
C1039,01/06/2025,5812,AZ,200.97,,APPROVED
C1095,2024-02-05,5999,DE,-111.29, ,declined
C1020,23/11/2024,5732,GB,49.79,ATM,Approved 
C1019,07/04/2025,5411,GB,60.32,ECOM,DECLINED
C1187,2025-01-02,5732,AZ,$-10.24, ,APPROVED
C1067,14/05/2024,5732,DE,$236.56,ECOM,approved
C1032,2024-03-21,6011,AZ,84.58,MOTO,approved
C1035,05/03/2025,4111,FR,114.79,MOTO,APPROVED
C1145,2024-11-02,5411,DE,$181.39,ATM,declined
C1047,26/02/2025,5541,DE,221.08,MOTO,DECLINED
C1050,2025-02-08,5732,GB,257.37,POS,approved
C1156,2024-12-18,5999,GB,22.68, ,APPROVED
C1147,15/12/2024,4111,TR ,$127.50,POS,declined
C1153,08/09/2024,5999,AZ,$152.18,POS,APPROVED
C1141,2025-05-17,5812,FR,114.02,MOTO,approved
C1070,2024-01-02,4111,IT,$212.39,,declined
C1146,2025-01-23,5732,FR,$121.60,,Approved 
C1076,20/01/2025,4111,FR,$148.63,POS,PENDING
C1064,29/01/2024,5732,DE,$102.70,ATM,PENDING
C1010,16/08/2024,5812,AZ,48.99,POS,DECLINED
C1012,2024-01-14,5411,FR,111.53,MOTO,DECLINED
C1176,2024-07-10,5411,IT,$104.70, ,DECLINED
C1072,2025-01-19,6011,US,196.75,POS,declined
C1199,02/01/2025,4111,TR ,196.13,ECOM,approved
C1015,2024-10-01,5999,GB,$233.14, ,PENDING
C1144,2025-06-03,5411,GB,197.02,,DECLINED
C1063,09/07/2024,5999,FR,165.17,,DECLINED
C1161,28/03/2025,5411,FR,169.23,ATM,Approved 
C1150,09/11/2024,5411,US,213.36,POS,PENDING
C1071,29/03/2024,5999,GB,$86.19,ATM,approved
C1064,2024-02-29,4111,AZ,133.21,MOTO,Approved 
C1058,24/06/2024,6011,GB,-102.56,,DECLINED
C1109,22/12/2024,5812,FR,167.91, ,DECLINED
C1185,18/02/2025,5812,IT,58.47,ATM,DECLINED
C1025,29/04/2024,5999,GB,124.3,MOTO,PENDING
C1178,09/03/2024,5541,GB,57.08,MOTO,Approved 
nan,2024-04-01,5812,US,176.42, ,DECLINED
C1051,2025-03-19,5541,AZ,116.48, ,declined
C1091,2024-06-13,5541,US,101.93,MOTO,APPROVED
C1001,2024-12-29,5812,US,142.24,ATM,declined
C1122,12/06/2024,5411,DE,137.22,ATM,PENDING
C1105,2024-07-02,5411,US,$102.42,POS,APPROVED
C1111,17/11/2024,5812,IT,-48.97,,approved
nan,02/02/2024,5541,AZ,$95.05,MOTO,Approved 
C1075,25/10/2024,5411,DE,143.94, ,approved
C1186,01/04/2025,5999,GB,114.77,ECOM,declined
C1025,10/06/2025,5732,GB,141.87,,declined
C1033,30/07/2024,5541,GB,$27.54,POS,APPROVED
C1068,2024-09-13,5812,GB,54.33,POS,DECLINED
C1013,2025-02-13,5999,TR ,$57.80,MOTO,Approved 
C1058,2024-05-21,5999,AZ,$87.21,MOTO,Approved 
C1046,2025-01-18,5411,TR ,86.28,ATM,DECLINED
C1190,18/03/2025,5411,TR ,$40.84,MOTO,APPROVED
C1166,2024-12-16,6011,AZ,79.69,MOTO,approved
C1051,06/02/2024,5541,DE,179.71,MOTO,DECLINED
C1027,2024-12-17,5812,FR,76.92,,DECLINED
C1096,2025-04-27,4111,FR,0.75,ATM,PENDING
C1068,16/06/2024,4111,FR,101.34,MOTO,declined
C1143,23/01/2024,5411,TR ,$93.71,ECOM,declined
C1166,2024-11-24,4111,US,$7.45,,declined
C1068,2024-04-08,6011,GB,93.72,,DECLINED
C1022,2025-06-05,5541,US,150.96,ECOM,DECLINED
C1121,17/06/2025,5732,AZ,$162.34,MOTO,declined
C1165,2024-10-05,5732,FR,$193.26,ECOM,Approved 
C1045,15/02/2025,5541,DE,$150.82,,DECLINED
C1107,13/12/2024,6011,TR ,190.47, ,PENDING
C1011,04/07/2024,5411,IT,62.46,,DECLINED
C1074,2025-01-17,5732,TR ,37.29,,DECLINED
C1039,01/03/2025,5812,IT,42.5,ECOM,Approved 
C1137,2024-01-10,5812,US,101.4, ,approved
C1162,2025-05-05,5541,AZ,55.41,,approved
C1036,04/06/2025,5411,TR ,$102.73,ECOM,approved
C1027,2024-10-01,5999,AZ,$127.88,MOTO,approved
C1056,03/11/2024,5999,US,137.14,,DECLINED
C1099,31/05/2025,5812,AZ,68.3,ATM,approved
C1171,30/11/2024,5411,IT,136.38,,declined
C1165,05/03/2025,5732,AZ,$97.37,,PENDING
C1180,23/03/2025,6011,FR,$102.46,,DECLINED
C1186,03/04/2024,5411,US,$126.08,ATM,APPROVED
C1035,09/03/2024,5541,AZ,94.19,,Approved 
C1070,30/08/2024,6011,FR,80.22,POS,APPROVED
C1055,31/03/2024,5732,DE,$98.65, ,Approved 
C1168,2024-11-03,5541,TR ,$87.06,,DECLINED
C1050,08/03/2024,5999,IT,92.83,,declined
C1182,2024-02-27,5732,TR ,125.12,ATM,APPROVED
C1136,2025-05-10,5541,GB,$47.80, ,declined
C1167,14/03/2025,5541,US,$132.43,,declined
C1136,06/03/2025,5411,DE,$93.37,ECOM,PENDING
C1064,2024-02-06,5999,AZ,85.49,POS,declined
C1008,03/08/2024,4111,IT,68.35,,APPROVED
C1067,11/03/2025,4111,GB,208.5,MOTO,APPROVED
C1143,2024-11-24,5541,DE,$98.37,ECOM,declined
C1199,14/10/2024,5812,GB,52.38,,APPROVED
C1027,2024-05-17,5541,US,101.01,,Approved 
C1083,16/07/2024,5812,AZ,88.73, ,PENDING
C1067,2024-11-02,5411,GB,$29.62,ATM,declined
C1021,06/03/2025,5732,TR ,47.49,ECOM,DECLINED
C1162,10/04/2025,5812,GB,105.71, ,Approved 
C1076,04/03/2024,5812,TR ,38.93,,PENDING
C1129,24/03/2024,5999,GB,88.45,,declined
C1155,13/01/2024,5999,US,-202.99,MOTO,DECLINED
C1150,13/03/2025,4111,IT,110.89,MOTO,DECLINED
C1195,2024-12-31,5999,FR,121.33,,PENDING
C1121,01/07/2024,5541,GB,$57.26,ATM,Approved 
C1107,2024-01-10,5411,IT,92.51,POS,APPROVED
C1173,14/10/2024,5732,US,193.18,,approved
C1195,04/09/2024,5812,IT,$92.65,,PENDING
C1189,08/03/2025,4111,DE,189.09,ECOM,PENDING
C1058,2024-04-01,5411,IT,170.16,MOTO,APPROVED
C1066,2024-03-27,5999,IT,183.86,ATM,DECLINED
C1073,2025-01-30,6011,FR,95.64,,PENDING
C1183,27/04/2025,5999,FR,165.39,ECOM,declined
C1145,2024-01-23,5411,US,215.67,MOTO,Approved 
C1157,2024-04-06,5999,TR ,227.68,ECOM,APPROVED
C1072,2025-01-19,6011,US,196.75,POS,declined
C1146,07/08/2024,4111,IT,$72.60,ECOM,declined
C1067,2025-06-23,5812,GB,70.11,POS,approved
C1197,2025-01-23,5541,DE,116.47,MOTO,Approved 
C1098,19/07/2024,5541,GB,148.93,,Approved 
C1145,05/09/2024,6011,DE,43.6,ECOM,approved
C1071,2024-08-19,5411,IT,58.06, ,approved
C1003,2024-05-17,5541,GB,203.62,ATM,APPROVED
C1183,2025-03-10,4111,IT,160.19,MOTO,APPROVED
C1023,13/10/2024,5541,AZ,155.62,MOTO,declined
C1014,2024-03-27,4111,DE,"$225,202.96",ECOM,declined
C1093,02/12/2024,5732,IT,$100.56,POS,declined
C1124,27/03/2024,5999,AZ,162.43,MOTO,PENDING
C1043,21/04/2024,5812,TR ,131.99,ECOM,DECLINED
C1032,29/12/2024,5999,FR,188.84,,Approved 
C1186,2025-04-29,4111,DE,97.59,ECOM,Approved 
C1140,20/02/2025,5411,US,-10.98,POS,Approved 
C1122,29/06/2024,5411,AZ,26.51,,PENDING
C1186,2024-08-09,5411,FR,90.99,,APPROVED
C1118,10/10/2024,5541,TR ,$107.33,ATM,DECLINED
C1111,14/10/2024,5732,FR,$119.61,MOTO,APPROVED
C1095,2025-04-29,5999,US,$125.85, ,approved
C1004,2024-03-21,5812,IT,106.72,,declined
C1095,2024-08-09,5411,IT,110.69, ,PENDING
C1025,2024-03-26,5411,FR,"$203,445.56",,PENDING
C1016,2025-03-03,5411,IT,$112.01,MOTO,PENDING
C1004,2024-04-08,5732,DE,163.32,POS,Approved 
C1174,2025-02-03,5999,US,$112.42,POS,declined
C1051,31/12/2024,6011,FR,167.59,,Approved 
C1020,27/12/2024,5812,AZ,$-142.38,,Approved 
C1056,26/05/2024,5541,FR,56.96,POS,Approved 
C1054,2024-04-04,5812,TR ,$144.98,MOTO,DECLINED
C1146,2025-03-16,5541,DE,112.29,MOTO,declined
C1088,2024-08-21,6011,US,19.97, ,PENDING
C1037,2025-06-18,5732,GB,$125.55,ATM,declined
C1102,18/12/2024,5541,TR ,$43.69,ECOM,approved
C1099,14/01/2024,4111,US,125.43,,Approved 
C1132,2025-03-22,5812,US,11.93, ,APPROVED
C1169,28/05/2025,5999,DE,$-0.21,,approved
C1137,2024-11-09,4111,FR,-10.14, ,DECLINED
C1069,15/06/2025,5732,TR ,$21.23,ATM,PENDING
C1135,2024-10-11,5411,AZ,120.39,,APPROVED
C1086,22/03/2024,5541,GB,122.19,,DECLINED
C1032,2024-01-22,6011,FR,200144.84,,approved
C1071,2025-03-28,5999,GB,95.61,,Approved 
C1064,02/08/2024,5812,US,202.93,ATM,DECLINED
C1183,21/02/2024,5732,DE,"$137,263.33",ATM,APPROVED
C1010,2024-12-13,5411,DE,18.55,MOTO,declined
C1009,2024-01-03,5812,GB,147.09,,PENDING
C1077,2024-12-20,5411,IT,$139.14,ATM,PENDING
C1008,29/04/2025,5999,US,$247.30,ATM,declined
C1172,2024-08-27,5812,IT,$92.59,,DECLINED
C1172,2025-06-04,6011,FR,$152.51,POS,Approved 
C1152,24/01/2025,5411,FR,$77.18,ECOM,APPROVED
C1110,05/04/2024,5812,FR,70.96, ,DECLINED
C1156,2025-05-27,5999,GB,$122.61,,declined
C1034,2024-08-01,5732,AZ,-82.74,ECOM,declined
C1190,2024-10-10,5999,GB,124.64,ATM,APPROVED
C1004,2025-02-03,5999,US,133.13,POS,Approved 
C1121,14/10/2024,5411,DE,$110.77,,declined
C1006,03/07/2024,5812,US,116.42,ATM,declined
C1104,2024-01-28,5812,IT,128.76,MOTO,approved
C1047,2024-06-17,4111,IT,$-75.80,POS,APPROVED
C1006,2024-12-29,4111,TR ,22.99,POS,PENDING
C1095,28/10/2024,5541,AZ,$31.77,POS,Approved 
C1022,2024-07-25,6011,AZ,102.85,MOTO,declined
C1153,2024-11-01,5732,US,110.47,ECOM,PENDING
C1104,2025-01-28,5411,GB,58.86,ECOM,approved
C1127,17/08/2024,6011,US,55.3, ,declined
C1076,10/05/2025,5411,FR,31.15,ATM,Approved 
C1025,20/12/2024,6011,AZ,$99.22,ECOM,PENDING
C1122,2025-02-22,5732,IT,$155.57,MOTO,declined
C1145,2024-06-22,5999,IT,30.26,ATM,declined
C1177,05/04/2025,5541,IT,191.44,ECOM,declined
C1001,2025-04-13,6011,US,$48.60,,Approved 
C1011,2024-07-29,4111,TR ,-6.73,POS,approved
C1123,2024-08-31,5999,GB,126.0,MOTO,DECLINED
C1180,2024-03-01,5411,IT,22.24,,PENDING
C1119,2024-03-03,5999,AZ,108.27,,declined
C1078,2024-01-23,5732,GB,$236.81,ECOM,DECLINED
C1159,22/04/2025,5812,US,170.69,,APPROVED
C1008,2024-04-21,4111,US,$43.38,ATM,Approved 
C1024,28/03/2024,6011,GB,-170.59, ,declined
C1070,18/12/2024,5812,IT,130.07,MOTO,PENDING
C1166,2024-09-22,5812,DE,$152.10,POS,declined
C1068,26/12/2024,5732,US,128.04,,APPROVED
C1163,2024-06-25,5411,DE,$178.08,,APPROVED
C1111,18/01/2025,5541,IT,$89.18,,Approved 
C1167,2024-03-06,5999,FR,$190.68,ECOM,approved
C1191,26/12/2024,5732,GB,172.58,POS,approved
C1034,2024-01-24,5812,GB,146.98,ATM,APPROVED
C1180,2024-12-16,5411,IT,$153.75,MOTO,declined
C1096,2025-02-23,5541,US,116.98,,PENDING
C1057,29/05/2025,5541,FR,-105.93,,APPROVED
C1076,2024-05-07,6011,FR,$91.74,,declined
C1183,2025-06-04,5732,AZ,82.56,,APPROVED
C1124,30/06/2024,6011,TR ,124.94,ATM,declined
C1062,2025-01-16,5732,AZ,$32.38,ECOM,Approved 
C1125,03/01/2025,6011,GB,95.81,POS,DECLINED
C1072,2025-03-18,5812,FR,44.16,,APPROVED
C1193,20/09/2024,5732,IT,$140.26,MOTO,PENDING
nan,04/07/2024,5999,AZ,$131.82,MOTO,PENDING
C1071,27/10/2024,5999,IT,228.2, ,DECLINED
C1111,22/07/2024,5999,US,134.43,ATM,declined
C1015,2024-02-18,5411,FR,-45.76,ECOM,Approved 
C1136,23/06/2024,5732,FR,171.8,ATM,Approved 
C1083,2024-10-23,5812,GB,149.11,POS,PENDING
C1177,20/05/2025,4111,AZ,$161.95,,approved
C1104,2025-03-06,5999,AZ,$249.85,MOTO,declined
C1050,21/10/2024,5732,US,217.49,ATM,PENDING
C1038,30/11/2024,5999,GB,107.58,ATM,declined
C1119,18/04/2024,5732,IT,150.15,,PENDING
C1169,2024-10-09,6011,US,221.46,POS,DECLINED
C1112,25/01/2025,5732,US,49.88,,PENDING
C1145,2024-10-16,6011,DE,115.15,,APPROVED
C1167,30/06/2024,5541,FR,$23.12,ATM,DECLINED
C1199,2025-04-06,5411,DE,152.25,POS,Approved 
C1192,22/04/2024,5999,TR ,$161.92,ECOM,approved
C1096,20/05/2024,5411,FR,60.49,,APPROVED
C1156,2025-06-11,5732,TR ,156.61,POS,Approved 
C1178,21/05/2024,5812,GB,$88.23,,declined
C1015,12/03/2024,5541,GB,45.24,,PENDING
C1048,2025-06-07,5541,IT,140.29,ATM,PENDING
C1028,2024-09-30,5812,FR,$100.38,POS,declined
C1118,2024-08-20,5411,FR,146.1, ,PENDING
C1081,03/10/2024,5541,DE,$230.65,,PENDING
C1074,2024-10-21,6011,IT,$214.91,MOTO,Approved 
C1027,2024-01-09,4111,AZ,$116.96,,declined
C1043,2024-11-28,4111,AZ,91.76, ,Approved 
C1067,2025-03-20,5812,FR,128.85,MOTO,Approved 
C1046,2025-05-18,5541,US,61.93,,declined
C1173,2024-11-07,6011,US,203.59,POS,APPROVED
C1075,21/02/2025,6011,TR ,170.44,ECOM,DECLINED
C1074,2024-09-11,6011,TR ,59.61, ,Approved 
C1106,28/03/2025,5732,GB,203.95,ATM,approved
C1121,2025-05-29,5812,TR ,$148.65,ECOM,DECLINED
C1060,2024-09-01,6011,TR ,$18.48,POS,approved
C1109,2025-05-12,5812,IT,146.76,ECOM,approved
C1117,06/04/2025,6011,TR ,$64.22,ATM,APPROVED
C1151,05/06/2025,5812,AZ,70.51, ,Approved 
C1140,2024-01-23,5999,IT,226917.06,ATM,APPROVED
C1035,25/04/2024,5732,AZ,181.55,MOTO,Approved 
C1129,10/09/2024,5541,TR ,$237.86,,approved
C1120,04/05/2024,5732,FR,180.0,ECOM,APPROVED
C1106,2025-06-23,5732,IT,156.92, ,declined
C1068,2024-11-21,5812,US,$131.91, ,DECLINED
C1123,18/06/2025,5812,US,141.1,POS,APPROVED
C1020,2024-10-09,5812,IT,74.21,MOTO,declined
C1041,09/06/2025,5812,TR ,$61.77,ATM,Approved 
C1099,2025-01-08,6011,GB,$164.54,MOTO,APPROVED
C1097,2024-11-01,5732,AZ,225.13,,PENDING
C1059,2024-10-14,6011,TR ,$120.09,,Approved 
C1191,02/02/2024,4111,US,144.82,MOTO,Approved 
C1117,30/04/2024,5999,AZ,77.78,,PENDING
C1130,27/03/2024,5411,GB,166.28,,PENDING
C1032,2025-02-14,5411,GB,$23.38,ECOM,DECLINED
C1175,2024-07-10,4111,TR ,214.27,ATM,APPROVED
C1199,2024-04-25,5732,FR,143.05, ,APPROVED
C1091,2024-11-12,5541,DE,$33.25,,PENDING
C1101,19/12/2024,5812,TR ,67.48,MOTO,DECLINED
C1031,06/02/2025,5732,GB,109.26,,approved
C1100,22/08/2024,4111,AZ,53.55,POS,approved
C1136,10/08/2024,4111,DE,$22.39,ECOM,Approved 
C1126,2024-05-21,5999,TR ,191.58,,approved
C1033,2024-03-17,5541,GB,158.13, ,APPROVED
C1021,13/01/2024,5812,GB,$88.27,,declined
C1188,25/09/2024,5732,DE,$143.43,POS,declined
C1136,18/01/2025,5812,GB,$141.44,,approved
C1090,2024-10-13,5812,GB,227.66,ECOM,APPROVED
C1184,01/08/2024,5541,IT,$-5.38,POS,PENDING
C1049,2024-02-20,5812,DE,124.55,POS,approved
C1000,2024-05-01,5732,GB,168.8,ECOM,declined
C1135,2025-03-31,4111,AZ,81.05,ECOM,PENDING
C1164,2024-05-20,5732,TR ,94.81,MOTO,DECLINED
C1062,14/12/2024,5732,US,107.75,ECOM,APPROVED
C1029,2024-09-27,5812,FR,$152.01,,approved
C1060,10/01/2025,6011,FR,$120.16,ECOM,PENDING
C1046,2024-11-12,6011,AZ,121.81,,approved
C1069,22/10/2024,5541,DE,20.5,ECOM,declined
C1132,2024-06-02,5812,US,188.45,,DECLINED
C1113,05/06/2024,5732,AZ,$154.27,MOTO,APPROVED
C1093,25/03/2024,5732,GB,215.98,MOTO,declined
C1022,12/03/2025,5812,GB,92.24,MOTO,APPROVED
C1050,2024-12-13,5541,IT,4.15,MOTO,approved
C1136,13/03/2025,5999,IT,$238.40, ,approved
C1058,24/10/2024,4111,US,$188.01,ECOM,PENDING
C1007,2025-01-08,6011,IT,157.51,,approved
C1138,25/10/2024,5732,AZ,-138.08,,approved
C1001,21/02/2024,5541,AZ,119.98,,Approved 
C1023,2025-03-19,4111,IT,156.44,ECOM,approved
C1146,2025-03-20,5411,IT,$211.87,,approved
C1143,01/02/2024,5411,TR ,171.34,ATM,declined
C1115,2024-06-27,6011,DE,128.35,ECOM,PENDING
C1193,2024-03-31,5999,IT,95.42,,approved
C1140,2024-02-20,5411,GB,$116.17, ,APPROVED
C1079,2024-04-10,4111,DE,91.75,,approved
C1166,02/10/2024,5411,TR ,$228.70,ATM,PENDING
C1125,01/10/2024,5999,TR ,$175.93,,APPROVED
C1116,10/07/2024,5541,IT,$124.41,POS,APPROVED
C1102,22/02/2025,5541,TR ,$98.59,,DECLINED
C1093,2025-01-21,6011,FR,$99.83,,APPROVED
C1006,22/02/2025,5732,GB,177.5,MOTO,PENDING
C1172,2024-07-13,5541,AZ,14.61, ,declined
C1118,19/04/2025,5732,AZ,112.85,,APPROVED
C1155,22/04/2025,5732,AZ,216.33,,DECLINED
C1157,04/07/2024,5411,FR,$105.03,ECOM,DECLINED
C1146,2024-05-25,6011,FR,$195.92,,DECLINED
C1081,15/02/2025,6011,US,123.03, ,approved
C1129,21/05/2024,5411,GB,75.5,,PENDING
C1064,2024-05-11,5812,TR ,187.95,ECOM,PENDING
C1032,01/04/2025,4111,TR ,$52.10,MOTO,Approved 
C1105,2025-01-02,6011,AZ,$-59.01,MOTO,approved
C1103,31/03/2025,6011,GB,81.09,ECOM,APPROVED
C1090,02/11/2024,5999,US,62.43,POS,DECLINED
C1154,2024-01-28,5812,GB,152.97,POS,Approved 
C1066,2024-01-17,5541,IT,$126.15,POS,Approved 
C1083,2024-08-18,5999,US,64.44,POS,Approved 
C1004,18/08/2024,6011,IT,-202536.59,POS,DECLINED
C1013,25/07/2024,4111,FR,174.44,,approved
C1128,2025-06-05,6011,AZ,$101.85,ECOM,DECLINED
C1165,2024-05-28,6011,TR ,$-11.53,ATM,approved
C1167,21/02/2024,5812,TR ,237.0,ATM,approved
C1179,2024-09-27,5411,GB,142.61,ECOM,Approved 
C1039,2025-04-13,5541,FR,125.46,POS,approved
C1033,2024-02-19,5541,IT,$166.24,MOTO,DECLINED
C1053,22/09/2024,6011,DE,62.26,ECOM,DECLINED
C1147,29/12/2024,5411,US,$191.40, ,DECLINED
C1095,01/05/2025,5999,AZ,$175.28,,DECLINED
C1071,26/02/2024,5732,TR ,110.93,ATM,declined
C1124,22/02/2024,5541,IT,$182.03,,DECLINED
C1061,28/02/2024,4111,DE,213.85,,PENDING
C1003,2024-12-20,5411,US,$67.97,,declined
C1175,2024-04-01,5732,TR ,$176.93,POS,approved
C1106,2025-05-28,5541,US,$69.51,MOTO,declined
C1100,2024-10-28,5541,AZ,$113.31,MOTO,Approved 
C1084,21/03/2025,5411,AZ,$233.63, ,DECLINED
C1174,2025-04-10,5411,US,$222.62,,declined
C1134,2025-01-16,5812,FR,$152.77,,APPROVED
C1102,24/01/2024,5732,AZ,43.24,MOTO,Approved 
C1159,08/04/2024,5732,AZ,13.6,MOTO,Approved 
C1011,21/11/2024,5541,US,$155.86,ECOM,DECLINED
C1179,20/02/2024,5999,DE,91.01,ECOM,declined
C1161,2025-03-02,5541,TR ,$6.61,,declined
C1130,2024-07-27,6011,TR ,116.6, ,approved
C1134,29/10/2024,5411,DE,74.39,ECOM,Approved 
C1165,17/09/2024,5999,GB,161.66,ECOM,PENDING
C1091,01/01/2024,5732,IT,$88.27,POS,declined
C1172,2024-04-27,6011,AZ,95.81,,PENDING
C1154,22/05/2025,5999,TR ,-112.02,,PENDING
C1069,17/06/2024,4111,DE,92.55,ATM,APPROVED
C1159,20/02/2025,5541,DE,-60.98,ECOM,PENDING
C1049,18/11/2024,5812,US,$57.59,POS,declined
C1006,06/02/2025,5732,GB,139.35,ATM,DECLINED
C1076,2024-05-27,4111,GB,121.59, ,APPROVED
C1012,02/01/2024,4111,DE,52.78,,approved
C1176,2024-05-03,4111,FR,$112.27,,DECLINED
C1051,22/01/2025,5732,US,$9.77,,APPROVED
C1061,2024-08-03,5812,TR ,$109.35,MOTO,PENDING
C1007,2024-06-29,5999,GB,$40.87,ATM,approved
C1105,24/05/2025,5999,IT,121.44,ATM,PENDING
C1110,2024-05-10,5732,DE,$161.30,ATM,DECLINED
C1014,2024-09-21,5812,AZ,52.67,ATM,Approved 
C1101,2024-07-22,5732,GB,35.68, ,approved
C1062,25/02/2025,5812,US,$78.46,POS,approved
C1056,2024-06-30,6011,US,$118.19,MOTO,declined
C1174,05/08/2024,5812,TR ,$123.80, ,approved
nan,2025-04-01,5999,AZ,$46.07,,APPROVED
C1170,15/03/2025,5812,AZ,-184.71,,declined
C1101,03/04/2025,5541,AZ,185.65,MOTO,PENDING
C1110,20/10/2024,5541,DE,$-87.12,POS,DECLINED
C1028,02/06/2024,6011,DE,58.53,ATM,Approved 
C1182,2024-12-07,5812,FR,$90.38,MOTO,APPROVED
C1011,29/01/2025,5541,AZ,$29.72,ECOM,APPROVED
C1022,2025-01-21,5999,FR,81.69,,DECLINED
C1082,20/12/2024,5812,FR,135.92,,APPROVED
C1044,26/03/2024,5411,FR,109.69, ,Approved 
C1080,26/03/2025,5411,DE,$63.45, ,Approved 
C1077,24/04/2025,5999,TR ,198.33, ,Approved 
C1068,11/05/2024,5999,IT,-73.06,,approved
C1028,2024-03-10,5541,FR,120.62,ECOM,APPROVED
C1078,31/07/2024,5411,AZ,104917.54,ATM,DECLINED
C1166,2025-05-14,5812,US,131.11, ,PENDING
C1098,2025-05-15,6011,TR ,118.93,,approved
C1129,2025-05-23,6011,AZ,72.17,,DECLINED
C1179,28/08/2024,5541,GB,176.53,,DECLINED
C1008,06/12/2024,6011,US,$126.17,,PENDING
C1083,2024-03-20,5732,DE,133.39, ,approved
C1196,11/02/2025,5812,AZ,$152.31,ECOM,Approved 
C1058,10/03/2025,5541,GB,111.86,,PENDING
C1197,25/04/2024,4111,GB,97.25,,APPROVED
C1071,01/03/2025,5812,FR,99.92,ECOM,Approved 
C1144,16/05/2025,5411,AZ,207.74,POS,Approved 
C1067,2025-02-16,5732,IT,109.33,,APPROVED
C1066,24/08/2024,5812,US,156.44,ECOM,APPROVED
C1004,2025-04-26,5812,US,153.33,ECOM,PENDING
C1156,2024-07-26,5812,AZ,$14.60,MOTO,APPROVED
C1037,25/10/2024,5541,DE,186.0,ECOM,PENDING
C1097,06/06/2025,4111,US,110.87, ,DECLINED
C1144,2024-06-14,6011,TR ,124.33,,DECLINED
C1016,2024-04-30,5999,FR,87.07,ECOM,APPROVED
C1074,26/04/2025,5541,US,237.72,,DECLINED
C1075,2025-02-15,4111,FR,$46.22,,DECLINED
C1102,17/03/2024,5541,IT,178.97,,declined
C1019,31/01/2025,5732,GB,155.52, ,PENDING
C1082,2024-05-10,5812,GB,$105.35,,PENDING
C1186,2024-07-18,5999,US,79.49,,DECLINED
C1016,2025-01-30,5999,FR,107.73,,PENDING
C1038,07/01/2025,5541,IT,$200.53, ,Approved 
C1156,2024-11-25,5812,IT,87.98,ATM,Approved 
C1034,02/09/2024,6011,IT,197.74,POS,declined
C1055,12/05/2024,5541,AZ,176.7, ,Approved 
C1077,2025-02-27,5812,IT,314.48, ,declined
C1149,24/05/2024,4111,AZ,$26.05,,declined
C1127,09/09/2024,5411,US,190.83,POS,declined
C1003,16/10/2024,5812,GB,$214.46,ECOM,approved
C1061,2024-08-31,5812,AZ,135.24,,APPROVED
C1074,17/07/2024,5732,IT,86.98, ,DECLINED
C1178,2024-04-16,4111,DE,$147.71,,DECLINED
C1147,16/10/2024,4111,US,117.92,,Approved 
C1057,10/05/2024,5411,GB,55.39,ATM,APPROVED
C1066,31/01/2025,4111,IT,$109.03,ECOM,approved
C1111,2024-07-26,5812,AZ,75.39,ECOM,APPROVED
C1189,31/08/2024,5999,IT,2.07,ECOM,APPROVED
C1105,22/06/2024,6011,GB,$-129.84, ,APPROVED
C1049,2025-05-25,5541,FR,$63.27,ATM,DECLINED
C1002,30/09/2024,4111,FR,160.19, ,approved
C1042,18/02/2024,6011,GB,51.75,ECOM,DECLINED
C1156,2024-08-11,6011,TR ,$186.42,,APPROVED
C1199,30/11/2024,4111,AZ,27.17, ,PENDING
C1081,2025-05-20,5732,TR ,123.6,MOTO,PENDING
C1096,2025-06-20,5411,US,$199.01,ATM,declined
C1156,13/02/2024,5411,IT,129.7,MOTO,DECLINED
C1085,2024-08-05,4111,FR,154.09,MOTO,PENDING
C1192,16/06/2024,5732,AZ,$92.29, ,PENDING
C1059,2024-03-26,5999,FR,71.18,ECOM,declined
C1121,21/03/2024,5541,FR,$158.67,POS,APPROVED
C1187,2024-05-16,5732,AZ,17.37,ATM,PENDING
C1172,2025-05-03,6011,GB,$187.08,MOTO,APPROVED
C1062,10/01/2024,6011,AZ,$102.77,,PENDING
C1124,19/06/2025,5999,DE,$-21.92,ATM,declined
C1172,2024-04-30,5732,GB,55.46, ,PENDING
C1117,16/03/2024,6011,AZ,115.67,,PENDING
C1157,2025-03-31,5999,FR,199.16,,DECLINED
C1052,2024-06-26,4111,DE,70.75,,declined
C1174,21/04/2024,5411,DE,$167.62, ,DECLINED
C1045,12/06/2024,5732,TR ,251.22,ECOM,Approved 
C1127,2024-06-10,5732,GB,198.9,,APPROVED
C1013,02/02/2025,4111,GB,15.03,,approved
C1033,2024-02-07,5732,FR,153.02,,PENDING
C1137,2024-03-26,5541,TR ,$150.07,MOTO,APPROVED
C1020,2024-06-26,5999,FR,83.5,ATM,approved
C1192,14/10/2024,4111,DE,$51.81,MOTO,DECLINED
C1016,28/03/2025,5812,AZ,98.0,ATM,approved
C1010,14/04/2024,5812,TR ,$37.07,ECOM,declined
C1112,2025-04-14,4111,US,106.98,,declined
C1111,12/04/2025,5541,FR,$124.77,ATM,DECLINED
C1029,2024-03-27,6011,IT,13.34,,APPROVED
C1025,2024-10-28,5812,GB,$142.76,MOTO,DECLINED
C1075,17/04/2024,5732,AZ,215.69,POS,approved
C1036,2025-02-26,5411,IT,$71.98,MOTO,DECLINED
C1081,01/02/2025,5999,TR ,149.15,,declined
C1081,15/05/2024,5411,GB,97.79,,Approved 
C1129,2025-06-15,5999,AZ,93.93,POS,Approved 
C1064,23/07/2024,5411,IT,128.4, ,Approved 
C1002,09/05/2025,5732,FR,71404.15,ATM,APPROVED
C1028,16/02/2024,5411,US,116.18,ECOM,APPROVED
C1106,2025-01-13,6011,AZ,115.89,ATM,approved
C1047,2024-11-19,5732,AZ,224939.58, ,approved
C1114,01/06/2025,5411,DE,11.65,ATM,Approved 
C1008,13/11/2024,6011,AZ,$145.44,,approved
C1142,2024-12-24,5999,GB,162.24,,approved
C1166,05/02/2025,6011,IT,124.32,ECOM,Approved 
C1168,29/09/2024,5812,GB,$144.29, ,PENDING
C1018,08/01/2025,5411,GB,$72.81,ATM,APPROVED
C1150,2025-03-26,4111,US,$115.48,,APPROVED
C1164,11/09/2024,5732,TR ,$104.56, ,Approved 
C1095,19/02/2025,5411,AZ,-176.66,ECOM,DECLINED
C1186,2024-03-04,5999,AZ,98.9,ATM,PENDING
C1055,2024-12-22,5732,TR ,85.49,POS,Approved 
C1173,29/04/2025,5812,AZ,200.79,MOTO,approved
C1144,17/04/2024,4111,IT,219.49,ATM,Approved 
C1038,2025-06-02,5411,IT,$-73.13,ATM,declined
C1090,27/09/2024,6011,FR,$90.81,,approved
C1097,21/04/2025,5812,IT,20.12,ECOM,declined
C1137,2024-05-19,5541,AZ,$99.50,ATM,Approved 
C1169,23/07/2024,5411,AZ,204.07,ECOM,APPROVED
C1050,2024-11-22,5541,IT,171.38, ,declined
C1030,10/04/2024,5999,IT,$147.36, ,APPROVED
C1113,07/03/2024,5411,AZ,115074.79,MOTO,approved
C1026,2024-09-14,4111,FR,83.21,,APPROVED
C1082,21/04/2025,5411,TR ,134.74,ATM,PENDING
C1121,2024-10-14,6011,DE,$113.83,,declined
C1068,2024-07-30,5812,TR ,120.48,ATM,approved
C1039,2024-12-25,5411,FR,127.18,ATM,approved
C1191,2024-07-14,5812,US,$144.39,,PENDING
C1003,2024-07-17,5812,IT,128.67, ,Approved 
C1170,21/02/2025,5541,GB,155.72,,approved
C1081,2024-01-18,5732,US,56.54,,declined
C1124,2024-09-25,5999,GB,$-186.22,MOTO,PENDING
C1172,25/02/2024,5812,IT,58.91,ATM,DECLINED
C1143,2025-01-10,4111,US,$227.11,MOTO,approved
C1056,13/03/2025,5411,GB,172.16,POS,Approved 
C1126,2024-03-07,5999,TR ,148.11,ATM,approved
C1044,03/03/2025,5541,DE,290.98,,Approved 
C1183,16/06/2024,5411,DE,198.55,ECOM,DECLINED
C1086,2024-03-10,5732,US,181.56,MOTO,Approved 
C1077,2024-05-05,5541,IT,84850.17,,PENDING
C1037,01/04/2025,5812,US,36.53,,declined
C1166,29/04/2024,5999,AZ,-30.34, ,DECLINED
C1064,2024-02-08,5812,GB,$22.00,ECOM,declined
C1133,2024-02-24,5999,DE,38.12, ,Approved 
C1078,22/10/2024,4111,FR,$121.80,MOTO,Approved 
C1075,2024-06-07,5999,GB,$10.68,ATM,DECLINED
C1131,2024-01-01,5732,IT,$250.67,ECOM,approved
C1157,2024-03-08,5812,AZ,89.31,ECOM,PENDING
C1107,29/09/2024,4111,TR ,194.67, ,APPROVED
C1074,23/05/2024,6011,FR,65.57,POS,declined
C1122,2024-03-14,5732,TR ,$206.49,ATM,Approved 
C1176,2024-03-10,5999,IT,129.07,ECOM,Approved 
C1199,31/12/2024,5411,AZ,107.12,POS,PENDING
C1181,27/11/2024,5411,TR ,$276.36,ATM,APPROVED
C1085,18/09/2024,5411,TR ,81.6,ATM,declined
C1009,2025-03-20,6011,US,99.42,,declined
nan,2024-05-28,5541,GB,95.49,,DECLINED
C1011,2024-10-19,5732,TR ,161.75,,declined
C1067,06/09/2024,5541,US,$199.93,ECOM,PENDING
C1197,2024-01-19,6011,US,$177.43,ECOM,DECLINED
C1043,2025-02-06,5999,AZ,$266.30,,APPROVED
C1043,29/01/2024,4111,GB,70.99,,declined
C1100,2025-06-18,5732,AZ,83.75,MOTO,PENDING
C1022,2024-05-24,5812,DE,$54.51,,APPROVED
C1030,2024-06-23,5812,DE,132.32,ECOM,declined
C1060,27/01/2024,5999,IT,65.97,MOTO,Approved 
C1121,24/05/2025,5411,DE,63.08,POS,declined
C1049,15/05/2024,4111,GB,145.61,ATM,Approved 
C1133,12/06/2024,4111,IT,83.2,ATM,APPROVED
C1061,19/02/2024,4111,DE,131.74,ATM,PENDING
C1102,26/05/2025,5999,FR,148.11,,Approved 
C1163,2024-12-08,6011,DE,106.88,,DECLINED
C1175,17/04/2025,4111,TR ,189.78,MOTO,DECLINED
C1114,29/04/2025,5411,AZ,$110.94,POS,DECLINED
C1134,13/03/2025,5411,FR,$93.79,ECOM,Approved 
C1095,11/06/2024,5812,IT,147.19, ,declined
C1186,2024-03-06,5812,TR ,47.8,POS,APPROVED
C1115,20/05/2025,5541,FR,$48.34,,declined
C1126,2024-02-29,4111,TR ,$254.05,ECOM,approved
C1001,2024-02-20,5541,DE,$-16.22,,declined
C1157,24/03/2025,6011,IT,161332.67, ,approved
C1008,2024-07-22,5999,TR ,$84.35,POS,approved
C1071,08/02/2025,5541,IT,130.71,POS,DECLINED
C1115,14/11/2024,5411,AZ,134.11,MOTO,PENDING
C1127,13/01/2025,5541,TR ,-111.11,ATM,Approved 
C1040,17/10/2024,5732,TR ,$106.46,ATM,APPROVED
C1089,2024-04-04,5999,DE,137.45,ATM,PENDING
C1034,17/05/2024,4111,FR,$120.32,ECOM,APPROVED
C1064,24/06/2024,6011,TR ,77.0,MOTO,DECLINED
C1197,20/11/2024,5541,TR ,70.08, ,DECLINED
C1189,25/02/2025,5411,FR,80.34,,approved
C1151,2024-05-02,5999,US,63.31,ATM,declined
C1102,24/06/2024,5541,DE,130.72,MOTO,Approved 
C1100,2024-04-17,5812,DE,133.89,ECOM,APPROVED
C1196,2025-05-20,4111,AZ,222248.41,,approved
C1113,11/12/2024,5541,US,$-204.96,ATM,DECLINED
C1031,30/07/2024,6011,GB,98.85,,approved
C1136,2024-01-07,5411,GB,$154.06,,APPROVED
C1013,2024-09-11,4111,TR ,118.7,POS,Approved 
C1185,15/02/2025,5541,GB,158.77,ATM,approved
C1002,03/02/2025,6011,GB,38.08,POS,approved
C1036,12/10/2024,4111,FR,78.37,,approved
C1095,03/12/2024,5812,FR,$-238.18,POS,DECLINED
C1190,23/08/2024,5541,US,$115.70,ATM,Approved 
C1042,2024-12-12,5732,IT,"$81,119.11", ,PENDING
C1150,25/03/2024,5812,TR ,133.51,,declined
C1186,2025-01-25,6011,DE,84.36,MOTO,declined
C1199,2024-07-09,5732,FR,136.32,MOTO,DECLINED
C1182,06/01/2025,5999,FR,66.84,MOTO,DECLINED
C1124,08/07/2024,5999,GB,$0.29,ECOM,declined
C1182,2024-10-16,5541,AZ,$172.44,,PENDING
C1079,09/03/2024,5732,DE,$174.32,POS,DECLINED
C1012,10/10/2024,5999,FR,136.93,MOTO,approved
C1190,2024-04-20,5812,AZ,136.54,,approved
C1135,01/03/2024,5999,US,203.16,ECOM,declined
C1174,29/03/2024,6011,DE,$136.46, ,PENDING
C1063,28/03/2024,6011,FR,37.33,POS,Approved 
C1155,2024-12-13,5812,TR ,$70.00,ECOM,Approved 
C1145,2024-10-16,6011,DE,115.15,,APPROVED
C1187,09/04/2025,5999,TR ,103.57,ATM,declined
C1031,05/03/2024,5999,TR ,$84.92, ,Approved 
C1059,2024-01-29,5999,IT,209.16,,approved
C1026,10/03/2024,5812,IT,115.23,ECOM,approved
C1075,2024-06-29,6011,IT,$32.12,,declined
C1021,2024-11-29,5732,DE,$176.41,ATM,Approved 
C1076,2024-06-01,5812,GB,$-146.52, ,approved
C1109,14/02/2025,5541,TR ,55.23,POS,PENDING
C1083,2025-06-18,6011,DE,145.67,ECOM,approved
C1018,17/09/2024,5541,TR ,$101.77,POS,declined
C1095,2024-01-08,5999,IT,$180.95,POS,declined
C1136,18/03/2024,5999,DE,$108.30, ,declined
C1125,04/09/2024,5999,FR,$126.03,MOTO,PENDING
C1027,2024-02-14,5812,GB,116.16, ,approved
C1176,2024-08-31,5812,TR ,$32.31,MOTO,PENDING
C1128,30/01/2024,5812,US,152.54,POS,approved
C1107,26/12/2024,5812,GB,173.0,,declined
C1177,2025-04-01,5999,US,178.42, ,APPROVED
C1111,04/01/2024,5732,US,$226.92,,DECLINED
C1123,2024-12-26,6011,GB,116.5,ECOM,declined
C1150,12/12/2024,5411,DE,5.72, ,DECLINED
C1039,21/04/2025,5732,DE,119.48,POS,approved
C1138,2024-08-09,4111,TR ,-28.44,ATM,PENDING
C1174,2024-01-14,5732,US,$37.01,,Approved 
C1169,2025-04-11,5541,DE,182.18,,APPROVED
C1131,28/05/2024,5732,DE,179.47,,APPROVED
C1181,03/06/2025,5541,DE,$101.35,MOTO,PENDING
C1157,18/03/2025,4111,FR,$34.38,MOTO,Approved 
C1088,2024-12-11,5541,AZ,118.67,,approved
C1167,2025-01-07,5541,TR ,198.57,POS,declined
C1001,2024-10-26,6011,TR ,$88.01,ECOM,declined
C1065,24/02/2024,5541,AZ,$247.24,,APPROVED
C1052,29/03/2025,5411,FR,134.22,ECOM,DECLINED
C1131,17/03/2025,4111,AZ,128.39, ,APPROVED
C1185,2025-06-12,5812,IT,$160.96, ,APPROVED
C1135,2024-03-20,5999,FR,189.07,ECOM,DECLINED
C1056,17/08/2024,5541,DE,82.42,POS,Approved 
C1006,31/01/2025,5541,IT,$119.46,MOTO,APPROVED
C1095,27/07/2024,5999,TR ,$172.11,MOTO,APPROVED
C1090,24/07/2024,5812,AZ,127.98,ATM,Approved 
C1194,16/12/2024,5812,US,148.14,POS,declined
C1014,21/03/2024,5541,GB,92.69,ECOM,declined
C1105,14/06/2024,5999,IT,119.26,,approved
C1034,22/04/2025,5999,FR,134.86,ATM,Approved 
C1172,2025-03-05,6011,AZ,57.61,,approved
C1057,14/06/2024,5812,GB,$-94.73,MOTO,declined
C1075,2024-10-12,6011,AZ,213.53, ,APPROVED
C1179,09/03/2025,5411,TR ,211.1,POS,PENDING
C1179,2025-01-21,4111,US,$180.49,ECOM,APPROVED
C1050,26/01/2024,4111,AZ,$105.90,ECOM,approved
C1006,04/09/2024,5732,DE,$196.91,,PENDING
C1198,2024-10-27,5732,TR ,76.54,ECOM,DECLINED
C1102,2024-02-24,5732,DE,106.49,POS,DECLINED
C1116,2024-06-20,5541,GB,-27.54,POS,Approved 
C1196,2024-01-08,6011,AZ,$154.79,ATM,DECLINED
C1159,13/05/2024,5411,FR,25.97,MOTO,approved
C1191,2024-12-31,5541,TR ,223.54,POS,DECLINED
C1179,2025-06-22,5999,US,41.21,,DECLINED
C1057,02/03/2025,5999,IT,21.15, ,declined
C1115,2024-10-04,6011,IT,61.0,,APPROVED
C1119,24/03/2025,5541,FR,$197.26,,approved
C1085,11/06/2025,5732,AZ,$93.74,POS,approved
C1191,2025-01-06,4111,FR,249.16,,DECLINED
C1043,27/05/2025,5541,DE,$29.02,,PENDING
C1180,04/11/2024,6011,US,148.16,,approved
C1177,10/03/2024,6011,FR,116.81,,DECLINED
C1127,2024-05-05,5541,FR,163.54,MOTO,APPROVED
C1068,2024-12-12,5541,US,$221.64,ATM,APPROVED
C1006,2025-01-07,5411,TR ,62.22, ,PENDING
C1195,24/02/2024,5411,FR,121.03,ATM,DECLINED
C1050,19/02/2024,5541,FR,165.19,,PENDING
C1047,2024-07-23,5411,TR ,224.54,ATM,declined
C1059,2024-09-16,5411,FR,$92.16,MOTO,declined
C1130,2024-12-24,5411,AZ,$129.88,POS,APPROVED
C1183,2025-05-06,5541,FR,-83.4,ATM,Approved 
C1071,25/01/2024,5999,FR,126.93,ATM,Approved 
C1145,2025-06-05,6011,GB,233.88,POS,DECLINED
C1011,2025-03-30,5812,IT,$116.96, ,DECLINED
C1133,2025-03-11,5999,FR,10.1,MOTO,declined
C1051,2024-09-15,5812,US,$167.43, ,declined
C1014,19/02/2025,5411,US,140.72,ATM,declined
C1025,23/08/2024,5732,US,$114.86,ATM,approved
C1178,23/02/2025,6011,FR,$83.31, ,Approved 
C1164,18/03/2025,5999,GB,128.37,ECOM,approved
C1120,2024-04-29,5999,GB,154.8, ,declined
C1051,2024-02-28,5732,US,33.74,,declined
C1010,20/09/2024,6011,US,157.45,,declined
C1065,2024-12-28,5812,US,46.35,POS,DECLINED
C1188,2024-05-10,5541,GB,$96.61, ,Approved 
C1038,2024-01-01,5411,US,96.76,ECOM,Approved 
C1100,27/01/2025,5541,GB,152.54, ,DECLINED
C1198,2024-04-22,5541,US,$99.86, ,PENDING
C1113,15/02/2024,5411,IT,26.17,MOTO,DECLINED
C1143,22/04/2025,4111,GB,$172.08,,approved
C1032,03/01/2025,5732,US,$206.27,,PENDING
C1058,30/01/2024,4111,DE,$127.27, ,declined
C1161,01/06/2024,5541,DE,8.02,,approved
C1155,31/01/2025,5999,IT,$90.37,ECOM,declined
C1195,2024-11-13,5999,AZ,183.3,ECOM,PENDING
C1097,2025-04-16,4111,DE,$164.69, ,APPROVED
C1050,06/03/2024,5812,DE,83.85,,declined
C1111,01/01/2025,5732,DE,173.48, ,Approved 
C1098,2025-06-17,5999,DE,218.91,,declined
C1080,08/12/2024,5999,FR,214.78,ECOM,Approved 
C1021,2024-06-15,5411,AZ,173.03,,approved
C1108,20/05/2025,5541,FR,96.42,POS,DECLINED
C1133,2025-01-25,5999,IT,$162.74,ECOM,DECLINED
C1085,2025-06-20,4111,IT,84.37,ATM,declined
C1161,20/05/2025,4111,FR,$94.64,,DECLINED
C1174,04/06/2024,4111,US,$145.66,MOTO,DECLINED
C1149,2024-12-01,5999,AZ,125.82,MOTO,declined
C1074,24/11/2024,5732,FR,82.69,ECOM,PENDING
C1122,2025-02-16,5541,DE,63.19,ATM,APPROVED
C1145,14/05/2024,5541,AZ,159.53, ,declined
C1048,2025-04-01,4111,AZ,77.55, ,PENDING
C1182,13/01/2025,5411,DE,167.07,,PENDING
C1026,24/02/2025,5411,FR,128.01,MOTO,DECLINED
C1034,01/04/2025,5411,AZ,$124.76,ATM,declined
C1163,20/03/2024,5541,FR,$115.40,MOTO,DECLINED
C1102,13/04/2025,5732,US,106.0,,Approved 
C1175,20/06/2024,4111,DE,$45.67,ECOM,declined
C1199,2025-04-30,5999,AZ,128.4,ECOM,APPROVED
C1050,2024-09-26,5732,GB,$217.16, ,declined
nan,2024-03-13,6011,FR,76.84,ECOM,PENDING
C1009,02/11/2024,5999,AZ,$161.96, ,approved
C1176,2025-05-03,5541,AZ,$205.53,,approved
C1160,2025-03-18,5541,IT,84.89, ,DECLINED
C1154,16/05/2025,4111,US,113.85,,approved
C1193,15/01/2025,4111,IT,$106.52,ATM,declined
C1073,2024-05-27,4111,TR ,131.32,,declined
C1129,2025-05-24,5411,IT,$206.09,,PENDING
C1112,2024-07-28,5411,DE,150.79,POS,APPROVED
C1123,28/02/2024,5812,DE,$78.91,,approved
C1024,2024-08-11,5812,AZ,$176.70,MOTO,DECLINED
C1171,27/01/2025,5812,AZ,176.81,POS,PENDING
C1160,2025-01-07,5411,AZ,141.01,,approved
C1092,2024-08-06,4111,GB,$105.84,,approved
C1190,2024-07-21,4111,AZ,$99.52,ECOM,Approved 
C1077,2024-09-19,4111,IT,$140.09,POS,declined
C1058,2025-04-22,5999,TR ,$192.87,MOTO,DECLINED
C1034,05/06/2025,6011,AZ,149.0,,APPROVED
C1167,17/05/2024,5541,US,$163.87,POS,approved
C1131,2024-12-16,4111,TR ,152.53,,Approved 
C1051,31/01/2024,4111,FR,$41.86,ECOM,DECLINED
C1126,24/08/2024,5812,GB,$93.88,POS,DECLINED
C1108,2024-04-27,5812,DE,224.46,,declined
C1131,16/09/2024,4111,FR,$144.41,ATM,DECLINED
C1172,2024-04-27,5411,IT,148.14,,DECLINED
C1034,2025-04-11,5411,US,186.39,POS,APPROVED
C1011,02/02/2024,6011,US,137.65,,APPROVED
C1192,2024-08-29,5732,AZ,$144.78,POS,Approved 
C1179,2025-01-24,5999,US,192.44, ,declined
C1185,16/12/2024,5732,TR ,$114.62,ATM,PENDING
C1038,2025-06-20,4111,US,139.82,,DECLINED
C1189,15/07/2024,5999,GB,60.53,ECOM,Approved 
C1102,14/07/2024,5999,DE,$77.68, ,PENDING
C1078,2025-04-17,5541,TR ,$79.14,,DECLINED
C1034,2024-04-04,6011,TR ,141.98,ATM,APPROVED
C1088,2024-07-10,5812,US,$30.61,ATM,declined
C1124,21/01/2024,5812,IT,90.38,ECOM,APPROVED
C1007,2025-02-25,5411,US,$43.11, ,Approved 
C1094,18/05/2024,5541,FR,133.69,,declined
C1099,2024-05-09,5999,FR,$59.13,ECOM,DECLINED
C1046,29/10/2024,5999,FR,$288.32,,DECLINED
C1182,02/04/2024,5732,US,-34.26, ,PENDING
C1012,2024-06-17,6011,GB,68.57,,DECLINED
C1056,2025-03-08,4111,US,77.65,MOTO,APPROVED
C1135,14/05/2025,6011,FR,$110.32,,declined
C1052,2024-01-25,5812,AZ,88.48,,Approved 
C1037,2024-03-25,5541,DE,86.08, ,Approved 
C1022,2025-03-01,4111,IT,122.99,,PENDING
C1118,11/08/2024,4111,GB,$140.56,,approved
C1174,2024-03-13,5411,TR ,88.39,ECOM,approved
C1122,2024-04-07,5541,DE,$-80.43,,PENDING
C1021,2025-03-31,5999,FR,47.78,ATM,Approved 
C1112,2024-07-28,5411,DE,150.79,POS,APPROVED
C1169,25/10/2024,4111,IT,172.48,,DECLINED
C1113,04/06/2025,6011,AZ,208.31, ,declined
C1170,07/03/2025,6011,TR ,58.51,POS,Approved 
C1100,26/09/2024,4111,GB,$33.78,,APPROVED
C1169,26/04/2024,6011,US,$116.05,POS,PENDING
C1018,26/10/2024,5999,TR ,108.91,,PENDING
C1035,2024-12-12,6011,FR,156.13,,APPROVED
C1187,29/09/2024,5812,IT,$205.08,MOTO,APPROVED
C1197,2024-12-07,5411,US,$144.45, ,Approved 
C1009,26/10/2024,5732,FR,266.8,,DECLINED
C1101,27/04/2024,5541,US,$135.13,,DECLINED
